idx,like,word,tfidfscore
74,1,accomplice,1
1791,1,ace,1
1886,1,acorns,1
4991,1,act,1
1917,1,action,1
4241,1,addictive,1
1008,1,admiral,1
895,1,admit,1
4959,1,adopted,1
3143,1,adults,1
39,1,advances,1
4071,1,adventurers,1
3744,1,africa,1
3576,1,ages,1
1909,1,agrees,1
3696,1,ahead,1
2575,1,aim,1
914,1,alibi,1
4778,1,aliens,1
5151,1,alive,1
218,1,alliance,1
2671,1,allies,1
3847,1,allowed,1
900,1,alternative,1
4215,1,amazing,1
1816,1,ambassador,1
228,1,ambush,1
443,1,america,1
3588,1,amigo,1
2057,1,ancients,1
1311,1,angst,1
3606,1,animals,1
4873,1,animation,1
3391,1,answers,1
544,1,anticipating,1
1134,1,ants,1
5270,1,anytime,1
1387,1,apocalypse,1
4794,1,apply,1
1633,1,april,1
1817,1,archbishop,1
4434,1,archer,1
3692,1,archive,1
3009,1,armageddon,1
2636,1,armed,1
2767,1,armies,1
3921,1,army,1
378,1,array,1
1113,1,artifact,1
1404,1,artillery,1
3663,1,asia,1
2439,1,assassin,1
147,1,asteroids,1
2826,1,athlete,1
4072,1,attacks,1
3976,1,attention,1
2251,1,augmented,1
2092,1,august,1
3096,1,australia,1
21,1,author,1
2348,1,autobiography,1
3957,1,awards,1
5287,1,away,1
1785,1,awesome,1
4971,1,background,1
2226,1,backstory,1
4666,1,bad,1
3888,1,bag,1
4636,1,ball,1
4124,1,bananas,1
104,1,banishment,1
257,1,barker,1
1818,1,baron,1
916,1,barter,1
740,1,based,1
4488,1,basics,1
5033,1,battalion,1
4103,1,battle,1
1283,1,battlefield,1
2824,1,battles,1
4807,1,battleship,1
2631,1,beach,1
3814,1,bear,1
4793,1,beatles,1
2931,1,beginning,1
3033,1,begins,1
2145,1,believe,1
2224,1,believed,1
1884,1,bells,1
454,1,belongs,1
4650,1,best,1
4213,1,better,1
4755,1,beware,1
4967,1,bills,1
3146,1,biplane,1
4684,1,bites,1
2526,1,bits,1
2476,1,blight,1
3145,1,blimp,1
4601,1,blizzard,1
1854,1,block,1
4712,1,blue,1
2252,1,blurred,1
4973,1,body,1
1160,1,bodyguard,1
2833,1,bombardments,1
755,1,bombers,1
4473,1,bones,1
3546,1,bonus,1
2758,1,book,1
2177,1,boosters,1
2274,1,born,1
3564,1,box,1
2006,1,boxed,1
3083,1,boxing,1
2718,1,boy,1
891,1,brainbending,1
3299,1,brainiac,1
4011,1,brakes,1
5279,1,break,1
3149,1,brick,1
101,1,bridge,1
2827,1,brilliant,1
3160,1,british,1
2016,1,broadway,1
4174,1,brothers,1
32,1,bruges,1
431,1,bruxelles,1
2483,1,buck,1
5063,1,bucket,1
1853,1,buddha,1
3929,1,bug,1
3933,1,bugs,1
1931,1,building,1
3159,1,bulgarians,1
3473,1,bummer,1
4881,1,burns,1
214,1,business,1
917,1,bystander,1
984,1,calamities,1
1825,1,california,1
3125,1,camden,1
277,1,came,1
3,1,campaign,1
3920,1,cannon,1
2842,1,cannons,1
383,1,canyon,1
1732,1,capable,1
1712,1,capitalization,1
945,1,capitol,1
1197,1,capture,1
2779,1,capturing,1
5218,1,car,1
4111,1,caramba,1
3810,1,card,1
3781,1,careful,1
5346,1,carry,1
851,1,cars,1
1610,1,carthage,1
4632,1,cartoons,1
5002,1,case,1
4535,1,cast,1
3918,1,castle,1
3577,1,cat,1
3366,1,cataclysm,1
2710,1,catch,1
2986,1,categories,1
586,1,cautious,1
1980,1,centuries,1
2967,1,century,1
2599,1,chair,1
3772,1,challenge,1
5259,1,change,1
4302,1,characteristics,1
3394,1,characters,1
3533,1,charades,1
3673,1,charts,1
1044,1,checklist,1
4537,1,cheers,1
2917,1,chessboard,1
2638,1,chicago,1
5254,1,child,1
49,1,china,1
2724,1,chips,1
3010,1,choice,1
2920,1,chomp,1
5268,1,christ,1
566,1,chrononauts,1
774,1,cities,1
1328,1,city,1
1184,1,civilization,1
5087,1,claims,1
2813,1,class,1
4633,1,classics,1
5341,1,cleopatra,1
3077,1,clock,1
4818,1,clue,1
3390,1,clues,1
3867,1,clumsy,1
777,1,coconuts,1
4927,1,coda,1
3865,1,code,1
2465,1,coffee,1
3886,1,coins,1
4802,1,collect,1
3410,1,collectible,1
66,1,colonists,1
719,1,color,1
988,1,colors,1
306,1,combat,1
414,1,combinations,1
2404,1,combine,1
3726,1,come,1
3141,1,coming,1
3129,1,command,1
4898,1,commandments,1
366,1,companies,1
3510,1,compatible,1
2617,1,compatible,1
458,1,competition,1
3599,1,complexity,1
3671,1,components,1
1256,1,concept,1
5318,1,conditions,1
2093,1,confidential,1
1608,1,confrontation,1
4731,1,confused,1
2359,1,congo,1
1251,1,congratulations,1
4347,1,connected,1
2869,1,conquer,1
3363,1,conquest,1
2593,1,contact,1
2690,1,contagion,1
3034,1,containing,1
3488,1,contains,1
3570,1,contents,1
4274,1,contestant,1
5171,1,cool,1
750,1,cooperative,1
275,1,copies,1
1272,1,cornerstone,1
659,1,cornhole,1
2822,1,corona,1
3731,1,corporations,1
4331,1,cost,1
23,1,costly,1
3538,1,counters,1
4800,1,country,1
3237,1,couplet,1
2475,1,courage,1
4356,1,course,1
1083,1,courteous,1
3815,1,cover,1
3126,1,cowpens,1
1255,1,coy,1
1688,1,crash,1
347,1,credits,1
660,1,croquet,1
1907,1,cross,1
849,1,crossbones,1
3482,1,cruisers,1
910,1,culprit,1
5334,1,cultists,1
983,1,culture,1
3111,1,cupid,1
1176,1,cursed,1
519,1,cute,1
3562,1,cyberspace,1
4057,1,damaging,1
2832,1,damascus,1
1093,1,damnation,1
3110,1,dancer,1
2943,1,dare,1
4370,1,darkness,1
5111,1,day,1
1983,1,dazzle,1
2185,1,dead,1
3698,1,deal,1
5198,1,death,1
273,1,december,1
468,1,deception,1
64,1,decide,1
3311,1,deck,1
469,1,deduction,1
1269,1,definitions,1
927,1,deliver,1
2628,1,deltas,1
1240,1,delusion,1
4132,1,depends,1
4905,1,depicted,1
3429,1,description,1
2784,1,deserve,1
3992,1,designed,1
3600,1,designer,1
4415,1,designs,1
906,1,desolate,1
401,1,destroy,1
470,1,destruction,1
679,1,details,1
909,1,detective,1
3344,1,developed,1
1268,1,develops,1
1786,1,diameter,1
2849,1,dice,1
3916,1,dictator,1
794,1,did,1
3647,1,die,1
2513,1,died,1
1893,1,differences,1
2919,1,different,1
3017,1,difficult,1
547,1,dilemma,1
296,1,dimension,1
4568,1,dinner,1
959,1,diplomacy,1
2652,1,directions,1
4919,1,dirty,1
4228,1,disassemb,1
2609,1,disasters,1
2991,1,discard,1
1969,1,disclaimer,1
439,1,discord,1
1162,1,diseased,1
100,1,district,1
555,1,divers,1
739,1,doc,1
3753,1,dog,1
4459,1,dogfight,1
4644,1,dont,1
3064,1,doom,1
5162,1,dope,1
4260,1,downtime,1
2896,1,draft,1
2894,1,dragon,1
182,1,dragonfire,1
2285,1,draw,1
3536,1,drawing,1
3505,1,drawn,1
4013,1,drop,1
691,1,duel,1
1033,1,dukes,1
5339,1,dull,1
852,1,dumpsters,1
894,1,dungeon,1
3157,1,dutch,1
678,1,early,1
3708,1,easy,1
3045,1,eaten,1
4355,1,edit,1
3996,1,edition,1
646,1,effectiveness,1
4140,1,eggs,1
4430,1,ego,1
3878,1,egypt,1
632,1,elements,1
3752,1,elephant,1
2466,1,ember,1
4110,1,emotion,1
3783,1,empire,1
4978,1,end,1
4412,1,endurance,1
2509,1,enemies,1
978,1,enemy,1
875,1,english,1
4068,1,enterprise,1
4917,1,entertainment,1
3374,1,entirely,1
1689,1,epic,1
374,1,epoch,1
3389,1,equipment,1
124,1,errata,1
4426,1,escape,1
2283,1,estimated,1
676,1,eternals,1
3745,1,europe,1
3190,1,evens,1
5251,1,event,1
1916,1,everest,1
2898,1,everybody,1
4784,1,evil,1
4785,1,evolving,1
3809,1,example,1
6,1,excellent,1
3387,1,excitement,1
4891,1,exciting,1
5290,1,exit,1
3509,1,expanded,1
3426,1,expansion,1
2502,1,explode,1
3067,1,extreme,1
1566,1,eye,1
84,1,factions,1
437,1,facts,1
1478,1,failed,1
1699,1,failure,1
3761,1,falling,1
4753,1,falls,1
736,1,families,1
4297,1,fan,1
4484,1,fantasy,1
180,1,faq,1
5035,1,fart,1
4435,1,fast,1
2399,1,fate,1
2691,1,fear,1
3421,1,feast,1
3506,1,features,1
2433,1,february,1
4151,1,federalism,1
4902,1,felicity,1
938,1,fences,1
3269,1,festival,1
2766,1,fickle,1
2585,1,fief,1
4787,1,fight,1
1001,1,fighter,1
3811,1,fighting,1
164,1,fights,1
3715,1,figure,1
4874,1,film,1
4994,1,finale,1
911,1,finder,1
1470,1,finding,1
5236,1,fleets,1
3252,1,fluffbucket,1
1294,1,folio,1
715,1,folks,1
2087,1,followed,1
1891,1,footprint,1
969,1,foray,1
5311,1,force,1
1362,1,forever,1
4104,1,forfeiting,1
2750,1,forgot,1
2840,1,fort,1
8,1,fortunately,1
4591,1,frag,1
5101,1,free,1
2820,1,french,1
3483,1,frigates,1
3148,1,frisbee,1
2865,1,fun,1
810,1,function,1
1845,1,furious,1
496,1,fuss,1
359,1,future,1
3529,1,game,1
3646,1,gameboard,1
3575,1,gameplay,1
3218,1,gamerz,1
3615,1,games,1
1433,1,gap,1
511,1,gemstones,1
2891,1,gen,1
1635,1,general,1
260,1,germany,1
475,1,gesture,1
1002,1,ghost,1
2390,1,gibbons,1
5016,1,girls,1
4771,1,given,1
3147,1,glider,1
3066,1,gloom,1
924,1,gmt,1
3859,1,goal,1
3569,1,goals,1
574,1,goblins,1
1483,1,gods,1
3925,1,goes,1
3595,1,going,1
2893,1,gold,1
3755,1,golf,1
4247,1,gomb,1
3517,1,gone,1
4792,1,good,1
3751,1,gopher,1
4894,1,got,1
195,1,government,1
1601,1,governor,1
76,1,granada,1
4367,1,grant,1
1644,1,grass,1
3548,1,greece,1
2667,1,greeks,1
4276,1,greens,1
1530,1,grenadier,1
1355,1,greys,1
3770,1,grids,1
1199,1,guard,1
1771,1,guardians,1
5091,1,guess,1
656,1,guitar,1
4001,1,gulp,1
3654,1,hack,1
1529,1,hail,1
4665,1,hallucinations,1
3640,1,hannibal,1
4975,1,happen,1
1291,1,happened,1
3382,1,happy,1
4928,1,harvesting,1
877,1,hattari,1
2517,1,hausner,1
2942,1,haw,1
760,1,hayward,1
1552,1,hazing,1
4863,1,headlines,1
1885,1,hearts,1
1192,1,heed,1
3516,1,heil,1
313,1,heimlich,1
529,1,heinlein,1
4454,1,helicarrier,1
1519,1,hell,1
5295,1,hello,1
1586,1,help,1
427,1,henchmen,1
1549,1,hero,1
3375,1,heroes,1
3144,1,heshe,1
3623,1,hex,1
3571,1,hexagons,1
2900,1,hexes,1
4672,1,hextiles,1
4914,1,hide,1
3532,1,highlights,1
4557,1,history,1
2621,1,hit,1
1802,1,hitler,1
2230,1,hmm,1
2416,1,hoax,1
38,1,hold,1
5040,1,holding,1
4696,1,holiday,1
5224,1,home,1
5060,1,hook,1
4478,1,hooray,1
4776,1,hope,1
3060,1,hornier,1
661,1,horseshoes,1
5337,1,hot,1
3719,1,hotels,1
3609,1,hourglass,1
3377,1,hours,1
3278,1,house,1
4922,1,humans,1
3158,1,hungarians,1
4616,1,hungry,1
4529,1,hunter,1
3371,1,hurry,1
4183,1,hurt,1
743,1,hybrid,1
3638,1,hypothetical,1
4314,1,hysteria,1
419,1,icbms,1
599,1,ice,1
770,1,idea,1
808,1,identity,1
1164,1,idiot,1
4888,1,imagine,1
77,1,immaterial,1
4942,1,imperium,1
1082,1,important,1
2214,1,impossible,1
657,1,include,1
3848,1,included,1
2637,1,including,1
3947,1,inexpensive,1
4544,1,info,1
3585,1,information,1
65,1,ingenious,1
1182,1,ingenuity,1
2885,1,initiative,1
989,1,insane,1
1360,1,insectoids,1
1151,1,instance,1
3572,1,instructions,1
3492,1,integrates,1
5086,1,interceptors,1
1212,1,intervention,1
4078,1,intro,1
3365,1,introduction,1
5085,1,intruders,1
173,1,invasion,1
1513,1,invent,1
2999,1,inventive,1
4624,1,invitation,1
3683,1,irons,1
4835,1,irreverent,1
1600,1,issue,1
2966,1,italy,1
326,1,jack,1
2152,1,jamaica,1
232,1,january,1
3724,1,japan,1
1502,1,jean,1
4838,1,job,1
17,1,join,1
4924,1,joker,1
2438,1,journalist,1
4961,1,judge,1
1203,1,july,1
3712,1,jump,1
4845,1,june,1
3362,1,just,1
2677,1,kahuna,1
1553,1,kegs,1
1522,1,kidding,1
2828,1,kill,1
3454,1,killed,1
2165,1,kilometer,1
3900,1,kind,1
1667,1,kingdom,1
4733,1,kismet,1
3622,1,km,1
2223,1,knew,1
2567,1,knight,1
1537,1,know,1
4649,1,knowing,1
5180,1,knowledge,1
4040,1,knows,1
3662,1,labeled,1
552,1,labels,1
1407,1,lair,1
853,1,lampposts,1
1325,1,landings,1
219,1,lang,1
189,1,lasers,1
4683,1,late,1
1301,1,laugh,1
4948,1,laughter,1
4144,1,layer,1
2437,1,leader,1
1883,1,leaves,1
3581,1,lee,1
4909,1,leeds,1
590,1,legend,1
2455,1,legion,1
1420,1,let,1
5210,1,letter,1
630,1,level,1
4329,1,levitates,1
81,1,levy,1
3127,1,life,1
821,1,lift,1
2347,1,ligny,1
4301,1,limbo,1
3968,1,lindt,1
2989,1,line,1
4086,1,literally,1
706,1,live,1
4981,1,locations,1
681,1,lock,1
367,1,london,1
3035,1,long,1
4206,1,look,1
650,1,looked,1
903,1,loop,1
1296,1,loose,1
153,1,loot,1
3846,1,lord,1
741,1,lose,1
3502,1,lost,1
3758,1,lots,1
5345,1,lotto,1
896,1,love,1
3270,1,lovecraft,1
4756,1,loved,1
348,1,luck,1
620,1,lump,1
1165,1,lycan,1
2024,1,mac,1
3710,1,macaw,1
1527,1,mafioso,1
1127,1,magnets,1
2378,1,mainland,1
355,1,major,1
5093,1,make,1
899,1,making,1
82,1,maneuver,1
2858,1,manual,1
3539,1,manufacturer,1
3634,1,map,1
3469,1,mapsheet,1
3466,1,march,1
957,1,mark,1
3911,1,marrakesh,1
2772,1,marriage,1
88,1,mars,1
1361,1,martians,1
1166,1,mason,1
3717,1,mastermind,1
204,1,match,1
3275,1,matching,1
2260,1,material,1
922,1,mates,1
1792,1,matter,1
4685,1,maybe,1
2959,1,mayor,1
2582,1,meade,1
2683,1,mean,1
3256,1,mechanics,1
2993,1,mechanism,1
270,1,memo,1
4029,1,men,1
1579,1,menus,1
5222,1,meow,1
1985,1,meters,1
2364,1,mets,1
2554,1,microgame,1
3057,1,midnight,1
3408,1,mile,1
5310,1,million,1
2708,1,mind,1
4010,1,mines,1
2980,1,miniatures,1
510,1,mining,1
4150,1,minute,1
3519,1,mirror,1
2623,1,miss,1
4012,1,missile,1
3800,1,mission,1
2178,1,modifications,1
413,1,moles,1
2342,1,molly,1
1479,1,moment,1
3472,1,money,1
4209,1,moneybag,1
2305,1,moneymaker,1
788,1,monsters,1
932,1,mood,1
1224,1,morale,1
2841,1,mortars,1
940,1,mousehole,1
2256,1,moved,1
3767,1,movement,1
4026,1,movers,1
4933,1,movies,1
3531,1,mr,1
188,1,mrs,1
2982,1,mulligan,1
4993,1,muppets,1
2311,1,murder,1
4864,1,music,1
4901,1,mutability,1
3526,1,mysterio,1
4742,1,mystery,1
800,1,mythical,1
1976,1,nano,1
2377,1,napoleonic,1
1453,1,natives,1
1515,1,nato,1
4651,1,nature,1
2239,1,naughty,1
243,1,navy,1
1278,1,nearly,1
2614,1,necromancer,1
1241,1,necrons,1
2916,1,need,1
3578,1,net,1
441,1,netherlands,1
453,1,nevermore,1
1137,1,newyork,1
2073,1,ninja,1
3271,1,noon,1
1359,1,nordics,1
2085,1,norway,1
4983,1,notebooks,1
3323,1,notes,1
333,1,nottingham,1
1975,1,noun,1
707,1,november,1
2845,1,nuts,1
3771,1,object,1
2053,1,obvious,1
1857,1,occasion,1
3743,1,oceania,1
2255,1,oclock,1
2760,1,october,1
2847,1,officer,1
4951,1,operation,1
2816,1,opponent,1
325,1,order,1
4418,1,original,1
2975,1,otter,1
29,1,ottomans,1
4094,1,outburst,1
4085,1,outshine,1
4853,1,overrun,1
3574,1,overview,1
3528,1,owed,1
1168,1,pacifist,1
3674,1,package,1
1700,1,packaging,1
933,1,pacman,1
4655,1,paid,1
2573,1,paints,1
392,1,pair,1
2843,1,palisades,1
2244,1,pandas,1
1047,1,pandora,1
3216,1,pantheon,1
4715,1,paper,1
4313,1,paranoia,1
2630,1,paratroopers,1
1717,1,paris,1
2069,1,party,1
1710,1,pasha,1
3348,1,pass,1
476,1,passing,1
4032,1,password,1
4271,1,patent,1
3188,1,pawns,1
828,1,pdf,1
1363,1,peace,1
2401,1,peasant,1
4167,1,pencils,1
3448,1,pentago,1
1992,1,perfect,1
4896,1,perfection,1
239,1,period,1
215,1,persians,1
248,1,person,1
4861,1,personalities,1
5124,1,physician,1
4031,1,pick,1
3681,1,pico,1
3705,1,picture,1
2862,1,pieces,1
937,1,pillars,1
252,1,pilot,1
1054,1,pioneer,1
3004,1,pirates,1
5136,1,pit,1
4255,1,places,1
693,1,plane,1
3567,1,play,1
3582,1,play,1
2049,1,plenty,1
4592,1,plus,1
4256,1,points,1
3154,1,poles,1
801,1,police,1
3039,1,politics,1
3939,1,pollen,1
3462,1,portable,1
892,1,possession,1
54,1,possible,1
4900,1,potency,1
608,1,poverty,1
217,1,powerful,1
3477,1,preaching,1
5336,1,prehistory,1
2469,1,premise,1
5220,1,preparation,1
4148,1,president,1
3420,1,prevail,1
3568,1,price,1
5338,1,primordial,1
1169,1,prince,1
4524,1,print,1
3137,1,probability,1
782,1,probably,1
393,1,problem,1
1309,1,process,1
4131,1,production,1
4265,1,profit,1
538,1,progress,1
3428,1,prolog,1
4303,1,prologue,1
4908,1,promotion,1
229,1,prove,1
4836,1,provocative,1
2440,1,provoker,1
209,1,prussia,1
3494,1,publicity,1
3790,1,published,1
3580,1,publisher,1
3563,1,pugs,1
1067,1,punchouts,1
4060,1,pyramid,1
4187,1,questioned,1
4642,1,questions,1
4176,1,quick,1
4441,1,quicker,1
281,1,quickly,1
2712,1,quintillions,1
3750,1,rabbit,1
4810,1,race,1
3345,1,racetrack,1
2333,1,radiant,1
4500,1,radioactive,1
1609,1,ragnarok,1
2324,1,raid,1
1223,1,rally,1
2674,1,ranchers,1
897,1,rangers,1
3797,1,raven,1
37,1,reach,1
3476,1,reading,1
5280,1,ready,1
636,1,really,1
1061,1,reason,1
2099,1,receive,1
4722,1,recess,1
2624,1,recipes,1
1190,1,recommendations,1
3656,1,recreating,1
4220,1,region,1
685,1,reign,1
438,1,reimagined,1
1439,1,reimplemened,1
3618,1,reimplementation,1
4464,1,reimplements,1
2058,1,reinforcements,1
3136,1,reinforces,1
287,1,reissue,1
919,1,reissued,1
2410,1,related,1
1531,1,release,1
3997,1,reload,1
1872,1,rely,1
3486,1,remember,1
2290,1,reorganization,1
4789,1,repeat,1
3461,1,replayable,1
1276,1,reprinted,1
1357,1,reptilians,1
4886,1,republished,1
3411,1,requirements,1
3180,1,requires,1
1012,1,research,1
225,1,resolution,1
541,1,respite,1
1198,1,rest,1
2327,1,restrictions,1
3545,1,retail,1
772,1,returns,1
3007,1,revelations,1
3830,1,revenge,1
3197,1,review,1
844,1,rex,1
2068,1,right,1
4788,1,rinse,1
971,1,risk,1
1509,1,rivals,1
1746,1,river,1
4578,1,roads,1
5007,1,roll,1
5213,1,rom,1
2385,1,romans,1
1994,1,roof,1
1313,1,roommates,1
640,1,round,1
2773,1,royalty,1
4074,1,ruin,1
5110,1,rulebbok,1
3667,1,rules,1
2315,1,rulesheet,1
913,1,rumor,1
3713,1,run,1
1999,1,runewars,1
1020,1,rush,1
4460,1,russian,1
3798,1,safe,1
4820,1,said,1
131,1,salad,1
697,1,samoa,1
2356,1,sampling,1
3248,1,sandglass,1
3525,1,sandman,1
4062,1,sandwiching,1
994,1,saratoga,1
4523,1,satirical,1
1807,1,satisfying,1
4768,1,savvy,1
2547,1,say,1
4501,1,saying,1
3792,1,scale,1
4852,1,scattered,1
3895,1,scenarios,1
1796,1,scene,1
4634,1,scenes,1
299,1,schemes,1
4425,1,scientists,1
1228,1,score,1
4599,1,scoreboard,1
2362,1,scorepad,1
3899,1,scores,1
3629,1,scoring,1
3664,1,screen,1
1780,1,scroll,1
1046,1,second,1
5028,1,secrets,1
793,1,sedan,1
123,1,seen,1
1170,1,seer,1
4233,1,segments,1
1032,1,senators,1
5042,1,sent,1
2521,1,september,1
3335,1,sequel,1
4897,1,series,1
705,1,seriously,1
318,1,set,1
4289,1,settlers,1
3349,1,setup,1
5169,1,seuss,1
3210,1,seven,1
3230,1,sex,1
4308,1,shadow,1
4442,1,shadow,1
3226,1,shall,1
1004,1,shame,1
98,1,shapeshifters,1
593,1,sheep,1
592,1,shepherd,1
2351,1,shibuya,1
3484,1,shields,1
583,1,ships,1
2482,1,shipwrecked,1
305,1,shooting,1
1415,1,shortstraw,1
3557,1,siam,1
4856,1,sibling,1
4229,1,sick,1
3339,1,sicklecut,1
2408,1,sidekick,1
3028,1,siege,1
2971,1,sighed,1
365,1,signs,1
3346,1,similar,1
201,1,simplicity,1
1574,1,simulation,1
3431,1,sing,1
1473,1,singularity,1
349,1,sir,1
3897,1,situation,1
105,1,sixes,1
3274,1,skills,1
562,1,skirmish,1
2023,1,slap,1
46,1,sleep,1
527,1,slothful,1
4625,1,smart,1
345,1,smartphone,1
4097,1,soccer,1
4232,1,soldiers,1
159,1,solo,1
4875,1,song,1
1302,1,soon,1
1174,1,sorcerer,1
1554,1,sorority,1
3530,1,sort,1
69,1,source,1
2112,1,spaces,1
4889,1,spaceships,1
5052,1,spade,1
499,1,spain,1
3678,1,spanish,1
2665,1,spartans,1
1784,1,special,1
3402,1,specialty,1
1023,1,specifically,1
2241,1,spell,1
885,1,spellbound,1
1171,1,spellcaster,1
848,1,spiderman,1
3267,1,spielbox,1
5140,1,spinner,1
2960,1,split,1
4936,1,sports,1
177,1,spot,1
5031,1,spread,1
742,1,spring,1
2695,1,sputnik,1
1049,1,spymaster,1
3199,1,squares,1
2714,1,squint,1
1536,1,st,1
5000,1,stache,1
2800,1,stake,1
1654,1,stand,1
2737,1,standees,1
2723,1,standing,1
2279,1,stars,1
3268,1,stein,1
3589,1,step,1
1418,1,stinker,1
4130,1,stock,1
2201,1,stone,1
4706,1,stop,1
3381,1,story,1
61,1,straightaways,1
3208,1,strange,1
4704,1,stratagem,1
524,1,strategic,1
2210,1,strategy,1
1215,1,streams,1
2781,1,strength,1
677,1,strife,1
523,1,strong,1
2926,1,stuff,1
3856,1,stupid,1
2266,1,submitter,1
680,1,succeed,1
4294,1,succeeded,1
4815,1,sum,1
5157,1,summary,1
97,1,summer,1
350,1,surely,1
5067,1,survival,1
4214,1,survive,1
3054,1,suspect,1
2350,1,sweet,1
3330,1,sword,1
763,1,symphony,1
3534,1,taboo,1
2742,1,tactics,1
575,1,takes,1
42,1,tall,1
998,1,tanks,1
1177,1,tanner,1
5082,1,tap,1
2254,1,target,1
1871,1,task,1
4626,1,taxi,1
1303,1,teams,1
573,1,tech,1
4631,1,television,1
2511,1,tell,1
2765,1,tend,1
5181,1,tenure,1
2914,1,terminator,1
3234,1,terrace,1
3858,1,theme,1
667,1,thief,1
478,1,thoughts,1
3171,1,throne,1
1043,1,tickets,1
1628,1,ties,1
4637,1,tiles,1
3876,1,time,1
3547,1,timeline,1
3283,1,timer,1
5080,1,tin,1
4795,1,tired,1
765,1,titan,1
4763,1,tokens,1
767,1,tokyo,1
4713,1,tomorrow,1
1310,1,toothpicks,1
4739,1,topics,1
2300,1,total,1
839,1,touch,1
1642,1,touring,1
3919,1,towers,1
226,1,townspeople,1
3255,1,trace,1
4098,1,track,1
690,1,trade,1
884,1,trader,1
3257,1,trading,1
2806,1,traditions,1
2774,1,tragedy,1
2222,1,traitor,1
2717,1,transfer,1
999,1,transformers,1
2952,1,translation,1
787,1,traps,1
53,1,treasures,1
3440,1,tree,1
3803,1,trick,1
19,1,tricky,1
3273,1,trigger,1
1763,1,triplanetary,1
3535,1,trivia,1
1181,1,troopers,1
2042,1,troops,1
4135,1,trump,1
2751,1,trust,1
2619,1,trusted,1
3987,1,try,1
192,1,trying,1
3422,1,tube,1
3384,1,turn,1
2419,1,turned,1
953,1,turning,1
4935,1,tv,1
675,1,twas,1
154,1,twist,1
3721,1,txt,1
5185,1,uk,1
2168,1,ultramarines,1
850,1,ultron,1
4126,1,ulysses,1
4976,1,uncool,1
1327,1,underestimate,1
444,1,understand,1
4299,1,underworld,1
2918,1,unfair,1
4349,1,unfortunately,1
548,1,unique,1
2789,1,universe,1
33,1,unmask,1
3592,1,unsettling,1
4893,1,unusual,1
858,1,updated,1
3822,1,usa,1
3725,1,used,1
442,1,utopia,1
1005,1,vacant,1
4003,1,vain,1
1611,1,valuations,1
4485,1,variant,1
4400,1,vengeance,1
666,1,venice,1
3524,1,venom,1
2588,1,versatility,1
1766,1,version,1
4689,1,viceversa,1
3343,1,victorious,1
4903,1,vigor,1
2160,1,vikings,1
1172,1,villager,1
3527,1,vulture,1
3011,1,wackee,1
5241,1,wait,1
4641,1,war,1
3321,1,warehouse,1
2125,1,warlord,1
488,1,warned,1
4273,1,warning,1
57,1,wasnt,1
5094,1,watch,1
300,1,watchers,1
3965,1,way,1
1317,1,wealth,1
1102,1,weapon,1
3561,1,website,1
1091,1,welcome,1
591,1,wells,1
1175,1,werewolf,1
598,1,westeros,1
1090,1,wheedle,1
838,1,wicked,1
36,1,wilderness,1
3594,1,win,1
2127,1,windows,1
4769,1,winner,1
5011,1,winning,1
3685,1,wins,1
1209,1,withdraws,1
915,1,witness,1
3566,1,wits,1
1538,1,wizard,1
3413,1,wolf,1
1842,1,won,1
1246,1,woof,1
2949,1,works,1
925,1,world,1
4840,1,worse,1
2535,1,worth,1
302,1,wounds,1
1636,1,wreck,1
4718,1,written,1
1940,1,wrong,1
1840,1,wurst,1
3397,1,year,1
4652,1,yesterday,1
1838,1,youre,1
3818,1,youtube,1
3153,1,yugoslavians,1
723,1,zap,1
412,,abraca,1
387,,accordingly,1
4992,,act,1
4348,,act,1
1098,,actions,1
303,,actions,1
323,,actions,1
118,,actions,1
2114,,actions,1
2442,,activists,1
2161,,ad,1
2985,,add,1
2763,,aeschylus,1
490,,africa,1
2620,,african,1
3598,,age,1
3687,,age,1
3235,,age,1
3243,,age,1
5015,,age,1
4594,,age,1
1292,,agencies,1
3537,,ages,1
3670,,ages,1
3392,,ages,1
3414,,ages,1
3497,,ages,1
3446,,ages,1
3456,,ages,1
3909,,ages,1
3857,,ages,1
3872,,ages,1
3971,,ages,1
3943,,ages,1
2935,,ages,1
2726,,ages,1
2701,,ages,1
3222,,ages,1
3181,,ages,1
3176,,ages,1
3303,,ages,1
4923,,ages,1
4851,,ages,1
4944,,ages,1
4940,,ages,1
4759,,ages,1
4811,,ages,1
4834,,ages,1
4775,,ages,1
5232,,ages,1
5219,,ages,1
5209,,ages,1
5263,,ages,1
5320,,ages,1
5327,,ages,1
5073,,ages,1
5071,,ages,1
5038,,ages,1
5097,,ages,1
5147,,ages,1
5105,,ages,1
5126,,ages,1
4239,,ages,1
4224,,ages,1
4195,,ages,1
4196,,ages,1
4198,,ages,1
4320,,ages,1
4262,,ages,1
4280,,ages,1
4282,,ages,1
4287,,ages,1
4343,,ages,1
4164,,ages,1
4576,,ages,1
4526,,ages,1
4548,,ages,1
4671,,ages,1
4612,,ages,1
4611,,ages,1
4512,,ages,1
4421,,ages,1
4351,,ages,1
4373,,ages,1
4476,,ages,1
4503,,ages,1
4495,,ages,1
887,,ages,1
711,,ages,1
1116,,ages,1
317,,ages,1
59,,ages,1
654,,ages,1
423,,ages,1
2306,,ages,1
2259,,ages,1
2155,,ages,1
2539,,ages,1
2505,,ages,1
2353,,ages,1
1587,,ages,1
1663,,ages,1
1395,,ages,1
1419,,ages,1
1426,,ages,1
1892,,ages,1
1952,,ages,1
1678,,ages,1
1702,,ages,1
2018,,agordat,1
2017,,agordat,1
3036,,aha,1
1718,,ahhhh,1
2659,,ahoy,1
2819,,ai,1
1843,,aim,1
1919,,aim,1
1414,,ak,1
2386,,alamans,1
3679,,alan,1
2212,,alan,1
421,,albae,1
258,,albatros,1
700,,alcazar,1
513,,alea,1
2686,,alexander,1
3676,,aliiiiiive,1
1812,,alma,1
1815,,alma,1
5288,,alphabetti,1
1390,,amigo,1
2448,,ancients,1
2446,,ancients,1
3658,,anderson,1
4656,,angelfire,1
4341,,animals,1
471,,anno,1
3259,,antigua,1
2632,,antwerpen,1
5025,,approx,1
1352,,april,1
1965,,april,1
114,,aquaretto,1
1593,,arabanaikibiti,1
1356,,arcturians,1
3236,,ardennes,1
1050,,argh,1
196,,army,1
44,,army,1
3026,,arsouf,1
205,,artifacts,1
3746,,asia,1
1142,,aspeidn,1
1348,,aspernessling,1
5039,,ateam,1
1913,,attacks,1
1539,,august,1
3861,,austrians,1
2089,,autokrator,1
2675,,awards,1
2836,,awards,1
3139,,awards,1
4752,,awards,1
4694,,awards,1
4832,,awards,1
4782,,awards,1
5061,,awards,1
5055,,awards,1
5077,,awards,1
5172,,awards,1
4042,,awards,1
4565,,awards,1
4391,,awards,1
4486,,awards,1
987,,awards,1
1250,,awards,1
1308,,awards,1
187,,awards,1
271,,awards,1
55,,awards,1
91,,awards,1
515,,awards,1
633,,awards,1
1960,,awards,1
1836,,awards,1
1681,,awards,1
1794,,awards,1
4194,,away,1
1210,,background,1
163,,background,1
352,,background,1
2393,,background,1
1646,,background,1
4741,,backgroundhistory,1
1837,,backstory,1
720,,bag,1
504,,bagradas,1
1813,,balaclava,1
3091,,balderdash,1
5262,,bamboleo,1
1701,,bananagrams,1
5216,,bank,1
2945,,bankraub,1
3287,,bannockburn,1
4028,,banzai,1
3579,,bartmess,1
790,,based,1
718,,bases,1
1076,,batavia,1
117,,batguin,1
3000,,batters,1
3087,,battleaxejune,1
4102,,battles,1
1220,,battles,1
1263,,battles,1
501,,battles,1
502,,battles,1
2473,,battles,1
1719,,battles,1
2035,,battlesson,1
3436,,bc,1
4335,,bear,1
2135,,bear,1
5034,,beat,1
5196,,beest,1
1606,,began,1
1860,,beginning,1
3641,,belisarius,1
503,,beneventum,1
3124,,bennington,1
2186,,berg,1
2568,,berserk,1
2407,,best,1
268,,better,1
4804,,beware,1
249,,beware,1
2047,,beware,1
338,,bgg,1
735,,bgn,1
4250,,big,1
170,,big,1
3359,,bigleaguemanager,1
4679,,biplane,1
5030,,biz,1
3843,,bizarro,1
5342,,blackbeard,1
1888,,blcher,1
4678,,blimp,1
2715,,blockout,1
4848,,blogspot,1
4016,,blogspot,1
4386,,blogspot,1
2904,,bloodmansion,1
4275,,blues,1
3353,,board,1
3738,,board,1
2957,,board,1
4762,,board,1
5248,,board,1
4076,,board,1
4049,,board,1
4173,,board,1
4499,,board,1
386,,board,1
2507,,board,1
1851,,board,1
3984,,boardgamegeek,1
5188,,boardgamegeek,1
4180,,boardgamegeek,1
5115,,boardgamenews,1
4659,,boardgamenews,1
1280,,boardgamenews,1
580,,boardgamenews,1
570,,boardgamenews,1
1341,,boardgamenews,1
1488,,boardgamenews,1
2803,,boardgamesonline,1
1188,,boardgamesonline,1
106,,boardgamesonline,1
3887,,boards,1
3245,,boards,1
3220,,boardspace,1
3219,,boardspace,1
3217,,boardspace,1
2216,,boardspace,1
2424,,boardspace,1
1569,,boardspace,1
1690,,boardspace,1
1692,,boardspace,1
658,,bocce,1
4816,,boddy,1
5132,,body,1
3347,,bolide,1
1762,,bolide,1
3880,,bonegames,1
3879,,bonegames,1
543,,book,1
2202,,book,1
2088,,book,1
2144,,book,1
2635,,book,1
1524,,book,1
2048,,bookkeeping,1
4326,,bookofmormonbattles,1
5340,,bowlastrike,1
5298,,bowlastrike,1
5123,,bowlastrike,1
3573,,box,1
3515,,box,1
3651,,box,1
3644,,box,1
3666,,box,1
3665,,box,1
3661,,box,1
3603,,box,1
3614,,box,1
3624,,box,1
3403,,box,1
3499,,box,1
3489,,box,1
3432,,box,1
3455,,box,1
3912,,box,1
3908,,box,1
3862,,box,1
3868,,box,1
3977,,box,1
3974,,box,1
4007,,box,1
3935,,box,1
3948,,box,1
3733,,box,1
3732,,box,1
3682,,box,1
3714,,box,1
3707,,box,1
3813,,box,1
3806,,box,1
3832,,box,1
3791,,box,1
3786,,box,1
3342,,box,1
2902,,box,1
2897,,box,1
2876,,box,1
2996,,box,1
2951,,box,1
2947,,box,1
2739,,box,1
2689,,box,1
2688,,box,1
2696,,box,1
2764,,box,1
2762,,box,1
3221,,box,1
3254,,box,1
3249,,box,1
3178,,box,1
3207,,box,1
3309,,box,1
3298,,box,1
3285,,box,1
3281,,box,1
3175,,box,1
3013,,box,1
3044,,box,1
3108,,box,1
3107,,box,1
3101,,box,1
3119,,box,1
4008,,box,1
4906,,box,1
4887,,box,1
4884,,box,1
4883,,box,1
4872,,box,1
4985,,box,1
4977,,box,1
4990,,box,1
5009,,box,1
5006,,box,1
4997,,box,1
4947,,box,1
4757,,box,1
4754,,box,1
4747,,box,1
4744,,box,1
4707,,box,1
4705,,box,1
4809,,box,1
4831,,box,1
4830,,box,1
4827,,box,1
4801,,box,1
4780,,box,1
5243,,box,1
5258,,box,1
5246,,box,1
5319,,box,1
5316,,box,1
5315,,box,1
5308,,box,1
5266,,box,1
5307,,box,1
5306,,box,1
5305,,box,1
5271,,box,1
5286,,box,1
5297,,box,1
5014,,box,1
5065,,box,1
5064,,box,1
5092,,box,1
5026,,box,1
5023,,box,1
5158,,box,1
5152,,box,1
5149,,box,1
5098,,box,1
5178,,box,1
5177,,box,1
5168,,box,1
5137,,box,1
5106,,box,1
5104,,box,1
5103,,box,1
5102,,box,1
5118,,box,1
5133,,box,1
5130,,box,1
5125,,box,1
4223,,box,1
4244,,box,1
4242,,box,1
4186,,box,1
4182,,box,1
4207,,box,1
4200,,box,1
4307,,box,1
4277,,box,1
4286,,box,1
4285,,box,1
4067,,box,1
4059,,box,1
4054,,box,1
4083,,box,1
4082,,box,1
4027,,box,1
4033,,box,1
4145,,box,1
4156,,box,1
4162,,box,1
4106,,box,1
4569,,box,1
4567,,box,1
4572,,box,1
4584,,box,1
4583,,box,1
4554,,box,1
4527,,box,1
4653,,box,1
4643,,box,1
4668,,box,1
4661,,box,1
4606,,box,1
4600,,box,1
4629,,box,1
4617,,box,1
4623,,box,1
4510,,box,1
4399,,box,1
4408,,box,1
4422,,box,1
4378,,box,1
4377,,box,1
4374,,box,1
4487,,box,1
4481,,box,1
4471,,box,1
4504,,box,1
4439,,box,1
4451,,box,1
878,,box,1
856,,box,1
869,,box,1
861,,box,1
981,,box,1
976,,box,1
965,,box,1
952,,box,1
946,,box,1
724,,box,1
710,,box,1
671,,box,1
811,,box,1
822,,box,1
768,,box,1
1222,,box,1
1214,,box,1
1234,,box,1
1300,,box,1
1293,,box,1
1282,,box,1
1277,,box,1
1062,,box,1
1007,,box,1
1030,,box,1
1143,,box,1
1147,,box,1
212,,box,1
183,,box,1
175,,box,1
312,,box,1
267,,box,1
56,,box,1
41,,box,1
16,,box,1
138,,box,1
87,,box,1
560,,box,1
558,,box,1
579,,box,1
518,,box,1
509,,box,1
531,,box,1
631,,box,1
629,,box,1
647,,box,1
665,,box,1
652,,box,1
625,,box,1
588,,box,1
623,,box,1
607,,box,1
610,,box,1
397,,box,1
340,,box,1
353,,box,1
417,,box,1
487,,box,1
433,,box,1
425,,box,1
2243,,box,1
2213,,box,1
2308,,box,1
2316,,box,1
2272,,box,1
2086,,box,1
2032,,box,1
2133,,box,1
2113,,box,1
1338,,box,1
2533,,box,1
2648,,box,1
2605,,box,1
2594,,box,1
2626,,box,1
2625,,box,1
2411,,box,1
2345,,box,1
2374,,box,1
2368,,box,1
2481,,box,1
1560,,box,1
1570,,box,1
1545,,box,1
1514,,box,1
1506,,box,1
1542,,box,1
1532,,box,1
1589,,box,1
1591,,box,1
1612,,box,1
1399,,box,1
1394,,box,1
1349,,box,1
1365,,box,1
1475,,box,1
1474,,box,1
1428,,box,1
1425,,box,1
1458,,box,1
1841,,box,1
1968,,box,1
1954,,box,1
1948,,box,1
1811,,box,1
1810,,box,1
1806,,box,1
1824,,box,1
2336,,brainiac,1
2457,,brainiac,1
1920,,brainiac,1
778,,brakes,1
2159,,bretons,1
5194,,brettspielnetz,1
4682,,brick,1
2189,,bridges,1
1266,,britannia,1
1991,,british,1
2289,,brownslopes,1
5029,,bucephalus,1
3928,,buggo,1
3932,,bugs,1
3931,,bugs,1
3930,,bugs,1
1486,,build,1
5089,,buy,1
5119,,buy,1
4235,,buy,1
3401,,bwahaha,1
301,,bystanders,1
3076,,ca,1
2422,,cameronius,1
505,,cannae,1
4456,,cannons,1
1375,,cannons,1
308,,capture,1
1422,,capture,1
2927,,card,1
3284,,card,1
4035,,card,1
2247,,card,1
2003,,card,1
3542,,cards,1
3608,,cards,1
3628,,cards,1
3418,,cards,1
3927,,cards,1
3989,,cards,1
3959,,cards,1
3831,,cards,1
2977,,cards,1
2736,,cards,1
3227,,cards,1
3289,,cards,1
3043,,cards,1
3135,,cards,1
4930,,cards,1
4692,,cards,1
5225,,cards,1
5249,,cards,1
5326,,cards,1
5068,,cards,1
5018,,cards,1
5144,,cards,1
5108,,cards,1
5128,,cards,1
4208,,cards,1
4064,,cards,1
4063,,cards,1
4048,,cards,1
4514,,cards,1
4610,,cards,1
4609,,cards,1
4608,,cards,1
4607,,cards,1
4598,,cards,1
4364,,cards,1
1193,,cards,1
1066,,cards,1
1028,,cards,1
309,,cards,1
554,,cards,1
354,,cards,1
477,,cards,1
2314,,cards,1
2329,,cards,1
2298,,cards,1
1981,,cards,1
4646,,cardsdicerules,1
2864,,careful,1
5257,,careful,1
4618,,careful,1
495,,careful,1
2604,,careful,1
2938,,carrhae,1
1108,,cars,1
1728,,castile,1
2616,,castle,1
3195,,catch,1
4846,,catch,1
4217,,catch,1
975,,catch,1
1153,,catch,1
2102,,catch,1
4943,,categories,1
5215,,categories,1
4393,,categories,1
2236,,categories,1
2548,,cattack,1
792,,celles,1
2332,,century,1
5296,,challenge,1
974,,challenge,1
3616,,challenges,1
133,,chancellorsvillerd,1
4311,,chaoticgame,1
3351,,characters,1
4740,,characters,1
4822,,characters,1
4020,,characters,1
809,,characters,1
1194,,characters,1
2341,,characters,1
1436,,characters,1
4371,,charades,1
1022,,charlemagne,1
634,,charles,1
2693,,charts,1
92,,charts,1
2363,,charts,1
4716,,chase,1
1658,,check,1
1495,,check,1
1290,,cheers,1
4141,,cheeseweasel,1
2366,,chessboard,1
3246,,chips,1
132,,choice,1
456,,choice,1
757,,choices,1
3061,,chomp,1
4532,,chomp,1
3098,,choose,1
4720,,choose,1
921,,choose,1
2184,,choose,1
3967,,chosen,1
3829,,choses,1
1332,,chr,1
1036,,cities,1
1413,,cities,1
375,,citycapitals,1
197,,civilization,1
45,,civilization,1
211,,clair,1
483,,claus,1
3253,,cleo,1
791,,clervaux,1
637,,cliquenabend,1
3192,,code,1
2389,,col,1
5120,,collect,1
1150,,collectible,1
2834,,collection,1
3555,,com,1
3584,,com,1
3660,,com,1
3612,,com,1
3602,,com,1
3620,,com,1
3360,,com,1
3903,,com,1
3885,,com,1
3871,,com,1
3955,,com,1
3728,,com,1
3706,,com,1
3805,,com,1
3775,,com,1
2892,,com,1
2905,,com,1
2857,,com,1
2854,,com,1
2983,,com,1
2749,,com,1
2825,,com,1
2771,,com,1
2769,,com,1
3232,,com,1
3228,,com,1
3300,,com,1
3297,,com,1
3263,,com,1
3059,,com,1
3078,,com,1
3012,,com,1
3032,,com,1
4907,,com,1
4855,,com,1
4964,,com,1
4957,,com,1
4723,,com,1
5256,,com,1
5276,,com,1
5122,,com,1
4251,,com,1
4317,,com,1
4316,,com,1
4327,,com,1
4293,,com,1
4056,,com,1
4089,,com,1
4092,,com,1
4563,,com,1
4662,,com,1
4660,,com,1
4602,,com,1
4423,,com,1
4417,,com,1
4385,,com,1
734,,com,1
751,,com,1
1233,,com,1
1237,,com,1
1304,,com,1
1275,,com,1
1281,,com,1
1053,,com,1
1138,,com,1
1088,,com,1
190,,com,1
266,,com,1
278,,com,1
581,,com,1
572,,com,1
571,,com,1
388,,com,1
2262,,com,1
2050,,com,1
2083,,com,1
2081,,com,1
2126,,com,1
2560,,com,1
2546,,com,1
2543,,com,1
2358,,com,1
2472,,com,1
2464,,com,1
1504,,com,1
1512,,com,1
1397,,com,1
1342,,com,1
1489,,com,1
1899,,com,1
1904,,com,1
1858,,com,1
1867,,com,1
1921,,com,1
1961,,com,1
1684,,com,1
1808,,com,1
1777,,com,1
3513,,comadders,1
2061,,combat,1
2479,,combat,1
2242,,combinations,1
113,,combined,1
2382,,combkpagesbkprodpagesbkgameproddescr,1
148,,comboardgamecatacombsthirdedition,1
3985,,comboardgamefamilybattlecommandseries,1
3981,,combookswargameshandbookmetz,1
955,,comchangelog,1
3386,,comcollectionsproduct,1
3999,,comdil,1
2337,,comdsstarsmuggler,1
4974,,come,1
4261,,come,1
764,,come,1
1132,,come,1
79,,come,1
1141,,comedgenews,1
50,,comes,1
1618,,comfallenangeltheboardgame,1
2988,,comfatalframe,1
827,,comffgcontentgameofthroneshbogameofthronesrulebook,1
3202,,comfolderviewidbyhmwoeqvauukztvyrthlqvuuspsharing,1
2302,,comfutboardgamevideos,1
3522,,comgameshamlet,1
1877,,comgamesidkwdywtp,1
2423,,comgamesmutton,1
71,,comgamesroborallycomingsoon,1
4657,,comgameswarpspawnmaltac,1
5292,,comgreedquestindex,1
2046,,coming,1
2025,,comjagaonlinewb,1
4161,,comkingdomhearts,1
2170,,comkogworksindex,1
4387,,comkonkurencja,1
1031,,command,1
2292,,command,1
701,,commander,1
2153,,commanders,1
5206,,comnbxnews,1
3691,,comp,1
2304,,companies,1
2182,,complexity,1
3597,,compnprm,1
3604,,components,1
3626,,components,1
3481,,components,1
3498,,components,1
3958,,components,1
3962,,components,1
3737,,components,1
3760,,components,1
3768,,components,1
3763,,components,1
2997,,components,1
2744,,components,1
2838,,components,1
3288,,components,1
3282,,components,1
3018,,components,1
3092,,components,1
4858,,components,1
4882,,components,1
4995,,components,1
4746,,components,1
4779,,components,1
5186,,components,1
5321,,components,1
5043,,components,1
5156,,components,1
5174,,components,1
4030,,components,1
4047,,components,1
4357,,components,1
4379,,components,1
4375,,components,1
4427,,components,1
4446,,components,1
4457,,components,1
846,,components,1
997,,components,1
990,,components,1
717,,components,1
779,,components,1
1333,,components,1
1295,,components,1
1038,,components,1
1085,,components,1
1154,,components,1
1089,,components,1
185,,components,1
137,,components,1
96,,components,1
585,,components,1
635,,components,1
402,,components,1
418,,components,1
2246,,components,1
2183,,components,1
2175,,components,1
2204,,components,1
2129,,components,1
2506,,components,1
2522,,components,1
2660,,components,1
2468,,components,1
2460,,components,1
1533,,components,1
1455,,components,1
1945,,components,1
1736,,components,1
3550,,comprojectsandoriabattlefields,1
1616,,comprojectsasteriagamesfallenangeldescription,1
3095,,comprojectsforsakengamesforsakenforestspirituprising,1
1497,,comprojectslegionsofsteelclassiclegionsofsteelscifimmmetalminiaturesrefcreatornav,1
1392,,computtruc,1
5076,,comrats,1
3596,,comredmenace,1
2232,,comreviewsfrance,1
4380,,comrpgdragonstorm,1
5163,,comsgmausoleuminfo,1
3405,,comsiegestonesmoregames,1
4017,,comsinkbismarck,1
4849,,comsolodungeonbash,1
5204,,comspanc,1
2192,,comstoreappsdetailsidcom,1
2612,,comtelechargementsen,1
4181,,comthread,1
1427,,comthreaderratathread,1
2162,,comthreadwipcointribesrevoltcardnanogamepnpco,1
5189,,comvideogamefranticfrankfurt,1
2249,,comwargamesitemap,1
3819,,comwatchvvxqvszjbm,1
2173,,comwatchvysqqddximy,1
3587,,comwikihus,1
5191,,comzombietown,1
2299,,concept,1
2645,,conflix,1
4702,,confused,1
4673,,confused,1
83,,conquer,1
1585,,conquest,1
3896,,consimworld,1
2195,,constructo,1
2681,,contains,1
2692,,contains,1
3187,,contains,1
5304,,contains,1
4041,,contains,1
688,,contains,1
500,,contains,1
2027,,contains,1
1523,,contains,1
3645,,content,1
3945,,content,1
2906,,content,1
3172,,content,1
3042,,content,1
4075,,content,1
4172,,content,1
773,,content,1
1850,,content,1
3648,,contents,1
3605,,contents,1
3630,,contents,1
3417,,contents,1
3354,,contents,1
3352,,contents,1
3380,,contents,1
3504,,contents,1
3495,,contents,1
3457,,contents,1
3917,,contents,1
3873,,contents,1
3869,,contents,1
3926,,contents,1
4006,,contents,1
3936,,contents,1
3842,,contents,1
3727,,contents,1
3699,,contents,1
3812,,contents,1
3793,,contents,1
2877,,contents,1
2973,,contents,1
2956,,contents,1
2953,,contents,1
2839,,contents,1
2795,,contents,1
3244,,contents,1
3320,,contents,1
3279,,contents,1
3069,,contents,1
3048,,contents,1
3015,,contents,1
3134,,contents,1
3162,,contents,1
3102,,contents,1
3093,,contents,1
4879,,contents,1
4988,,contents,1
5005,,contents,1
4969,,contents,1
4686,,contents,1
5253,,contents,1
5283,,contents,1
5277,,contents,1
5017,,contents,1
5051,,contents,1
5153,,contents,1
4230,,contents,1
4218,,contents,1
4192,,contents,1
4189,,contents,1
4204,,contents,1
4321,,contents,1
4338,,contents,1
4268,,contents,1
4024,,contents,1
4146,,contents,1
4570,,contents,1
4585,,contents,1
4577,,contents,1
4511,,contents,1
4521,,contents,1
4513,,contents,1
4547,,contents,1
4645,,contents,1
4613,,contents,1
4597,,contents,1
4420,,contents,1
4352,,contents,1
4363,,contents,1
4472,,contents,1
4505,,contents,1
4455,,contents,1
935,,contents,1
942,,contents,1
725,,contents,1
703,,contents,1
805,,contents,1
812,,contents,1
1213,,contents,1
1319,,contents,1
1287,,contents,1
1027,,contents,1
1126,,contents,1
1122,,contents,1
247,,contents,1
60,,contents,1
80,,contents,1
551,,contents,1
626,,contents,1
601,,contents,1
389,,contents,1
408,,contents,1
351,,contents,1
428,,contents,1
2270,,contents,1
2264,,contents,1
2294,,contents,1
2109,,contents,1
2556,,contents,1
2590,,contents,1
2603,,contents,1
2343,,contents,1
2474,,contents,1
1550,,contents,1
1668,,contents,1
1403,,contents,1
1373,,contents,1
1672,,contents,1
1942,,contents,1
1747,,contents,1
1743,,contents,1
1831,,contents,1
1769,,contents,1
1789,,contents,1
785,,contest,1
3619,,contra,1
1297,,cooperative,1
3508,,cornejo,1
3636,,counters,1
3672,,counters,1
3503,,counters,1
3434,,counters,1
3450,,counters,1
3884,,counters,1
3940,,counters,1
3934,,counters,1
3741,,counters,1
3782,,counters,1
3789,,counters,1
3341,,counters,1
2911,,counters,1
2867,,counters,1
2735,,counters,1
2732,,counters,1
2703,,counters,1
3241,,counters,1
3189,,counters,1
3080,,counters,1
3037,,counters,1
3165,,counters,1
4857,,counters,1
4870,,counters,1
4710,,counters,1
5084,,counters,1
4283,,counters,1
4066,,counters,1
4112,,counters,1
4381,,counters,1
847,,counters,1
980,,counters,1
1221,,counters,1
1321,,counters,1
1086,,counters,1
2335,,counters,1
2330,,counters,1
2015,,counters,1
2106,,counters,1
2120,,counters,1
2662,,counters,1
2375,,counters,1
2370,,counters,1
2503,,counters,1
2490,,counters,1
2461,,counters,1
2456,,counters,1
1597,,counters,1
1595,,counters,1
1456,,counters,1
1937,,counters,1
1951,,counters,1
1744,,counters,1
1770,,counters,1
2995,,countersheet,1
813,,countersheets,1
4799,,country,1
695,,country,1
253,,country,1
18,,course,1
1339,,course,1
3808,,cover,1
4955,,cover,1
4773,,cover,1
4,,cover,1
467,,cover,1
2317,,cover,1
2318,,cover,1
2452,,cr,1
2451,,cr,1
2450,,cr,1
2307,,crosscribb,1
3177,,crts,1
2334,,crts,1
3088,,crusadernov,1
1161,,cupid,1
1152,,curtis,1
507,,cynocephalae,1
754,,darin,1
2276,,darius,1
1118,,david,1
2231,,david,1
2217,,david,1
1632,,dawn,1
52,,day,1
1386,,days,1
1207,,daysturn,1
2141,,daysturn,1
1978,,daysturn,1
1936,,daysturn,1
1260,,dayturn,1
3212,,dddverlag,1
1622,,dead,1
2095,,deal,1
1659,,deapp,1
3070,,dec,1
3086,,dec,1
3074,,dec,1
3072,,dec,1
816,,dec,1
1573,,dec,1
2510,,december,1
1364,,december,1
1343,,decide,1
3804,,decisiongames,1
2770,,decisiongames,1
2768,,decisiongames,1
3262,,decisiongames,1
3031,,decisiongames,1
2082,,decisiongames,1
2559,,decisiongames,1
2357,,decisiongames,1
4100,,deck,1
4528,,deck,1
3961,,decks,1
714,,decks,1
3479,,defamilienspieletridom,1
1755,,definitions,1
638,,deindex,1
604,,deindex,1
108,,dekukdefault,1
1396,,denizengames,1
3975,,description,1
2730,,description,1
3099,,description,1
4107,,description,1
4595,,description,1
4443,,description,1
1216,,description,1
1248,,description,1
1029,,description,1
68,,description,1
335,,description,1
481,,description,1
2320,,description,1
1582,,description,1
1449,,description,1
1839,,description,1
4453,,designer,1
75,,designer,1
152,,designer,1
398,,designer,1
2131,,designer,1
1567,,designer,1
1645,,designer,1
1665,,designer,1
1856,,designer,1
1953,,designer,1
4945,,designerpublisher,1
784,,designerpublisher,1
4949,,designers,1
5281,,designers,1
4497,,designers,1
870,,designers,1
1347,,designers,1
1740,,designers,1
126,,designing,1
440,,details,1
2872,,dice,1
2958,,dice,1
2792,,dice,1
4735,,dice,1
5309,,dice,1
5069,,dice,1
5021,,dice,1
4050,,dice,1
4586,,dice,1
4376,,dice,1
855,,dice,1
814,,dice,1
1065,,dice,1
1055,,dice,1
1016,,dice,1
10,,dice,1
363,,dice,1
362,,dice,1
429,,dice,1
2218,,dice,1
2064,,dice,1
2562,,dice,1
1457,,dice,1
1749,,dice,1
1828,,dice,1
3293,,dicegame,1
4077,,dices,1
2954,,didit,1
3435,,die,1
3796,,die,1
2882,,die,1
2881,,die,1
2880,,die,1
2879,,die,1
2878,,die,1
3173,,die,1
3103,,die,1
4989,,die,1
4982,,die,1
4765,,die,1
5187,,die,1
5330,,die,1
4163,,die,1
4382,,die,1
4506,,die,1
157,,die,1
121,,die,1
382,,die,1
2273,,die,1
2550,,die,1
1804,,die,1
1996,,differences,1
2807,,different,1
2403,,different,1
4407,,difficult,1
2409,,dimensions,1
4240,,discarded,1
1685,,discarded,1
4639,,doesnt,1
912,,dog,1
103,,doge,1
4105,,dogfights,1
5201,,doom,1
5324,,doom,1
5323,,doom,1
5325,,doom,1
14,,doom,1
3065,,dr,1
4248,,dr,1
4246,,dr,1
4185,,dr,1
4216,,dr,1
1114,,dr,1
1880,,dr,1
1834,,dr,1
1335,,dragon,1
1186,,dragonling,1
1971,,dream,1
1829,,dreux,1
4295,,duh,1
2193,,dummysoft,1
1640,,dungeon,1
1380,,dungeon,1
4413,,dunnigan,1
4205,,dvd,1
4292,,dvd,1
4025,,dvd,1
2157,,dvd,1
2402,,earth,1
1111,,earthyear,1
4541,,easy,1
4390,,easy,1
882,,easy,1
1103,,easy,1
589,,easy,1
2796,,eboats,1
4847,,edition,1
4931,,edition,1
5303,,edition,1
5302,,edition,1
4480,,edition,1
901,,editions,1
4109,,ee,1
1720,,eh,1
873,,elfenland,1
2719,,embody,1
3938,,emptymarketrule,1
2365,,empyrean,1
3075,,en,1
4179,,end,1
698,,end,1
322,,end,1
616,,end,1
2221,,end,1
2413,,end,1
2421,,end,1
2484,,end,1
1859,,end,1
1315,,ended,1
1547,,ending,1
2563,,eng,1
31,,english,1
2529,,english,1
1558,,english,1
4862,,entertainment,1
2396,,entirely,1
373,,epoch,1
372,,epoch,1
371,,epoch,1
370,,epoch,1
369,,epoch,1
5095,,equipment,1
5127,,equipment,1
2187,,equipment,1
2515,,equipment,1
2354,,equipment,1
756,,eric,1
1605,,erickson,1
904,,escape,1
973,,escape,1
172,,escape,1
2553,,escape,1
1417,,escape,1
1963,,escape,1
802,,escapes,1
533,,espaol,1
4123,,essen,1
2237,,essen,1
464,,eudownloadsasgardrules,1
876,,europe,1
796,,europe,1
158,,europe,1
2886,,events,1
4937,,events,1
1914,,everest,1
3193,,evid,1
4791,,evil,1
4790,,evil,1
867,,evil,1
649,,evil,1
1759,,evil,1
702,,ex,1
497,,ex,1
5329,,example,1
4081,,example,1
1284,,example,1
169,,example,1
276,,example,1
2268,,example,1
3833,,examples,1
3225,,examples,1
4843,,examples,1
2500,,excellent,1
1120,,exciting,1
2029,,exciting,1
3356,,expanded,1
3423,,expanded,1
3949,,expanded,1
3677,,expanded,1
3836,,expanded,1
3780,,expanded,1
2961,,expanded,1
2759,,expanded,1
3200,,expanded,1
3277,,expanded,1
3292,,expanded,1
3041,,expanded,1
4871,,expanded,1
4869,,expanded,1
4979,,expanded,1
4968,,expanded,1
4842,,expanded,1
4826,,expanded,1
5223,,expanded,1
5192,,expanded,1
5344,,expanded,1
5096,,expanded,1
5148,,expanded,1
4258,,expanded,1
4188,,expanded,1
4202,,expanded,1
4279,,expanded,1
4061,,expanded,1
4055,,expanded,1
4045,,expanded,1
4153,,expanded,1
4114,,expanded,1
4561,,expanded,1
4622,,expanded,1
4383,,expanded,1
4493,,expanded,1
842,,expanded,1
992,,expanded,1
960,,expanded,1
920,,expanded,1
732,,expanded,1
709,,expanded,1
672,,expanded,1
798,,expanded,1
829,,expanded,1
1217,,expanded,1
1262,,expanded,1
1052,,expanded,1
1010,,expanded,1
1040,,expanded,1
331,,expanded,1
320,,expanded,1
142,,expanded,1
95,,expanded,1
332,,expanded,1
334,,expanded,1
569,,expanded,1
642,,expanded,1
628,,expanded,1
653,,expanded,1
606,,expanded,1
615,,expanded,1
409,,expanded,1
407,,expanded,1
466,,expanded,1
460,,expanded,1
420,,expanded,1
2229,,expanded,1
2322,,expanded,1
2287,,expanded,1
2066,,expanded,1
2020,,expanded,1
2012,,expanded,1
2146,,expanded,1
2639,,expanded,1
2349,,expanded,1
2480,,expanded,1
2428,,expanded,1
2458,,expanded,1
2453,,expanded,1
1565,,expanded,1
1666,,expanded,1
1625,,expanded,1
1381,,expanded,1
1354,,expanded,1
1499,,expanded,1
1894,,expanded,1
1911,,expanded,1
1875,,expanded,1
1997,,expanded,1
1962,,expanded,1
1932,,expanded,1
1674,,expanded,1
1820,,expanded,1
1775,,expanded,1
2447,,expands,1
835,,expansion,1
3972,,expansions,1
2939,,expansions,1
288,,expansions,1
612,,expedition,1
1564,,eye,1
1604,,eyes,1
2301,,facebook,1
1617,,facebook,1
4160,,fantasyflightgames,1
826,,fantasyflightgames,1
1140,,fantasyflightgames,1
522,,fast,1
2147,,fast,1
2565,,fast,1
2071,,fastmoving,1
4312,,fear,1
2948,,features,1
2752,,features,1
3024,,features,1
4814,,features,1
5131,,features,1
4177,,features,1
4336,,features,1
4157,,features,1
145,,features,1
2019,,features,1
2166,,features,1
2339,,features,1
2572,,features,1
2589,,features,1
2478,,features,1
1576,,features,1
1494,,features,1
1881,,features,1
2000,,features,1
1722,,features,1
1711,,features,1
1758,,features,1
1079,,feb,1
1500,,february,1
279,,festival,1
2584,,fief,1
112,,fight,1
3762,,fighting,1
2901,,figure,1
1423,,figure,1
4170,,finale,1
862,,finneas,1
3826,,fk,1
377,,fleets,1
1568,,force,1
540,,forgiveness,1
376,,forts,1
2531,,fourfour,1
2987,,fourhman,1
2890,,frachtexpress,1
2611,,fredbey,1
3156,,french,1
4681,,frisbee,1
4892,,fun,1
5112,,fun,1
4226,,fun,1
2072,,fun,1
2030,,fun,1
3774,,funkc,1
4036,,gaines,1
3668,,game,1
3621,,game,1
3367,,game,1
3425,,game,1
3898,,game,1
3828,,game,1
3802,,game,1
2873,,game,1
2968,,game,1
2963,,game,1
2962,,game,1
2756,,game,1
3316,,game,1
3302,,game,1
3264,,game,1
3170,,game,1
4890,,game,1
4867,,game,1
4962,,game,1
5193,,game,1
5301,,game,1
5037,,game,1
5036,,game,1
5143,,game,1
4553,,game,1
4575,,game,1
4345,,game,1
4354,,game,1
4436,,game,1
893,,game,1
918,,game,1
964,,game,1
747,,game,1
670,,game,1
817,,game,1
771,,game,1
1285,,game,1
1105,,game,1
231,,game,1
246,,game,1
72,,game,1
12,,game,1
7,,game,1
550,,game,1
516,,game,1
520,,game,1
587,,game,1
415,,game,1
346,,game,1
493,,game,1
449,,game,1
2257,,game,1
2328,,game,1
2052,,game,1
2051,,game,1
2084,,game,1
2128,,game,1
2103,,game,1
2527,,game,1
2650,,game,1
2596,,game,1
2384,,game,1
2346,,game,1
2376,,game,1
2367,,game,1
1631,,game,1
1383,,game,1
1370,,game,1
1498,,game,1
1454,,game,1
1896,,game,1
1970,,game,1
1995,,game,1
1923,,game,1
1737,,game,1
1686,,game,1
1682,,game,1
1677,,game,1
1693,,game,1
1698,,game,1
1819,,game,1
1795,,game,1
1757,,game,1
1790,,game,1
3329,,gameboard,1
4859,,gameboard,1
4970,,gameboard,1
4734,,gameboard,1
5138,,gameboard,1
4458,,gameboard,1
2360,,gameboard,1
1374,,gameboard,1
3523,,gameplay,1
3398,,gameplay,1
3396,,gameplay,1
3350,,gameplay,1
3496,,gameplay,1
3937,,gameplay,1
3821,,gameplay,1
2709,,gameplay,1
2702,,gameplay,1
3260,,gameplay,1
3085,,gameplay,1
4996,,gameplay,1
5333,,gameplay,1
5175,,gameplay,1
5173,,gameplay,1
4319,,gameplay,1
4058,,gameplay,1
4079,,gameplay,1
4022,,gameplay,1
4138,,gameplay,1
4674,,gameplay,1
4614,,gameplay,1
4433,,gameplay,1
4462,,gameplay,1
4450,,gameplay,1
931,,gameplay,1
729,,gameplay,1
687,,gameplay,1
819,,gameplay,1
1299,,gameplay,1
1257,,gameplay,1
1045,,gameplay,1
199,,gameplay,1
274,,gameplay,1
165,,gameplay,1
11,,gameplay,1
341,,gameplay,1
360,,gameplay,1
445,,gameplay,1
2022,,gameplay,1
2115,,gameplay,1
2504,,gameplay,1
2425,,gameplay,1
1411,,gameplay,1
948,,gamerz,1
3383,,games,1
3675,,games,1
3904,,games,1
3991,,games,1
2895,,games,1
2884,,games,1
3081,,games,1
3025,,games,1
3151,,games,1
3166,,games,1
5165,,games,1
5113,,games,1
4305,,games,1
4116,,games,1
4538,,games,1
934,,games,1
1149,,games,1
457,,games,1
2194,,games,1
1691,,gamesbyemail,1
840,,gamesite,1
1869,,gamesystem,1
2248,,gardenwargaming,1
2463,,garrysgames,1
3089,,gazalamay,1
2685,,gen,1
4127,,gen,1
4555,,gen,1
4397,,gen,1
4396,,gen,1
4394,,gen,1
4489,,gen,1
830,,gen,1
1183,,gen,1
435,,gen,1
2579,,gen,1
2578,,gen,1
1469,,gen,1
1468,,gen,1
1467,,gen,1
1466,,gen,1
1465,,gen,1
1776,,gen,1
3739,,generals,1
1464,,gens,1
2580,,geore,1
3113,,george,1
832,,george,1
254,,germany,1
1503,,ghosts,1
2853,,giocoinedito,1
4088,,giocoinedito,1
2542,,giocoinedito,1
4680,,glider,1
3203,,goal,1
3312,,goal,1
4912,,goal,1
4987,,goal,1
5332,,goal,1
4099,,goal,1
4676,,goal,1
4550,,goal,1
4449,,goal,1
728,,goal,1
1024,,goal,1
237,,goal,1
549,,goal,1
395,,goalie,1
3419,,god,1
4324,,god,1
3211,,goes,1
4635,,goes,1
390,,goes,1
2471,,goldenlaurel,1
4404,,gomoku,1
799,,gone,1
1286,,good,1
3201,,google,1
2191,,google,1
2592,,got,1
43,,government,1
1345,,grant,1
1890,,grant,1
3463,,grapac,1
2606,,grapac,1
2499,,greenblack,1
2495,,greenblue,1
2493,,greengreen,1
2497,,greenyellow,1
1106,,groundzerogames,1
3163,,gt,1
24,,gyrodyne,1
30,,habsburgs,1
3655,,hack,1
234,,halberstadt,1
1019,,hammerhal,1
1451,,hanafuda,1
2277,,hannibal,1
3138,,hannoverian,1
923,,happen,1
4184,,happens,1
2661,,happens,1
2397,,happy,1
2823,,harun,1
3358,,hasbro,1
5184,,hasbro,1
5322,,hasbro,1
5275,,hasbro,1
1096,,hayward,1
2899,,hehehehe,1
5294,,hello,1
2888,,hellrail,1
3336,,helltank,1
298,,heroes,1
3553,,herophase,1
3551,,herophase,1
4677,,heshe,1
3407,,hex,1
3467,,hex,1
3882,,hex,1
3993,,hex,1
3700,,hex,1
2761,,hex,1
2787,,hex,1
3334,,hex,1
3152,,hex,1
3132,,hex,1
3114,,hex,1
4725,,hex,1
4053,,hex,1
4587,,hex,1
4368,,hex,1
1322,,hex,1
2055,,hex,1
2163,,hex,1
2122,,hex,1
2640,,hex,1
2653,,hex,1
1660,,hex,1
1986,,hex,1
3631,,hexagon,1
220,,highlights,1
67,,highlights,1
3995,,hijara,1
2908,,hikari,1
1438,,hikari,1
2633,,himmel,1
963,,history,1
1267,,history,1
315,,history,1
2622,,hit,1
2658,,ho,1
171,,hoffman,1
2928,,honte,1
4603,,hope,1
2462,,hot,1
1683,,hotzartworks,1
3883,,hours,1
3866,,hours,1
2783,,hours,1
4738,,hours,1
713,,hours,1
806,,hours,1
1572,,hours,1
2001,,hours,1
5233,,howard,1
286,,howard,1
3209,,hrs,1
342,,hrs,1
3406,,htm,1
2171,,htm,1
2383,,htm,1
3514,,html,1
3480,,html,1
3465,,html,1
4000,,html,1
3736,,html,1
2930,,html,1
4850,,html,1
5207,,html,1
5293,,html,1
5164,,html,1
4018,,html,1
4118,,html,1
4658,,html,1
4388,,html,1
880,,html,1
956,,html,1
1180,,html,1
2250,,html,1
2181,,html,1
2338,,html,1
2608,,html,1
2613,,html,1
1393,,html,1
2591,,huh,1
4805,,humm,1
1163,,hunter,1
4868,,hunters,1
3998,,hyperiongames,1
3980,,hyw,1
2215,,icontact,1
1774,,idea,1
3649,,iggamecenter,1
4479,,iggamecenter,1
3050,,ii,1
265,,iiia,1
264,,iiid,1
2280,,imagine,1
1401,,important,1
3518,,included,1
4839,,included,1
2501,,included,1
1724,,included,1
3703,,includes,1
3788,,includes,1
2777,,includes,1
3328,,includes,1
4772,,includes,1
5227,,includes,1
4052,,includes,1
4166,,includes,1
4411,,includes,1
1247,,includes,1
2303,,includes,1
2275,,includes,1
2646,,includes,1
4046,,indicios,1
2219,,info,1
2852,,information,1
4699,,information,1
4087,,information,1
2541,,information,1
1814,,inkerman,1
1242,,inquisition,1
4796,,instance,1
3474,,instructions,1
3444,,instructions,1
3458,,instructions,1
2883,,instructions,1
2682,,instructions,1
3331,,instructions,1
3290,,instructions,1
5228,,instructions,1
5278,,instructions,1
5141,,instructions,1
4269,,instructions,1
4158,,instructions,1
4593,,instructions,1
2551,,instructions,1
2344,,instructions,1
1491,,instructions,1
3973,,integrates,1
3184,,integrates,1
3332,,integrates,1
3272,,integrates,1
4925,,integrates,1
4065,,integrates,1
4037,,integrates,1
4119,,integrates,1
4590,,integrates,1
4604,,integrates,1
4429,,integrates,1
4440,,integrates,1
949,,integrates,1
776,,integrates,1
669,,integrates,1
227,,integrates,1
166,,integrates,1
99,,integrates,1
119,,integrates,1
116,,integrates,1
563,,integrates,1
565,,integrates,1
577,,integrates,1
536,,integrates,1
532,,integrates,1
530,,integrates,1
648,,integrates,1
410,,integrates,1
473,,integrates,1
2137,,integrates,1
1575,,integrates,1
1388,,integrates,1
1351,,integrates,1
1340,,integrates,1
1452,,integrates,1
1895,,integrates,1
1927,,integrates,1
1739,,integrates,1
1778,,integrates,1
5041,,internationallyrenowned,1
3941,,introduction,1
3723,,introduction,1
2990,,introduction,1
2733,,introduction,1
2727,,introduction,1
2747,,introduction,1
3185,,introduction,1
3082,,introduction,1
4904,,introduction,1
5242,,introduction,1
4284,,introduction,1
4171,,introduction,1
4574,,introduction,1
4508,,introduction,1
4467,,introduction,1
985,,introduction,1
1057,,introduction,1
1011,,introduction,1
282,,introduction,1
109,,introduction,1
624,,introduction,1
2235,,introduction,1
2263,,introduction,1
2063,,introduction,1
2136,,introduction,1
2130,,introduction,1
2602,,introduction,1
2394,,introduction,1
2434,,introduction,1
2426,,introduction,1
1651,,introduction,1
1505,,introduction,1
1492,,introduction,1
1460,,introduction,1
1445,,introduction,1
1900,,introduction,1
1901,,introduction,1
1847,,introduction,1
1735,,introduction,1
783,,invitation,1
2313,,isbn,1
1680,,isfgksb,1
1305,,isi,1
4777,,issues,1
255,,italy,1
2258,,italy,1
2435,,italy,1
4117,,itcards,1
879,,itspaceinfantryindex,1
1179,,itwabox,1
3559,,ivanhoe,1
2149,,ivry,1
130,,jack,1
129,,jack,1
127,,jack,1
120,,jack,1
136,,jacobs,1
1077,,jahrhundert,1
2014,,james,1
1331,,jan,1
1078,,jan,1
662,,jarts,1
4654,,job,1
2673,,joffre,1
0,,john,1
4395,,john,1
1561,,john,1
762,,johnston,1
3453,,jokers,1
3464,,jpgameengengsoccerindex,1
2607,,jpgameengengwaruindex,1
4798,,jr,1
1094,,jr,1
1435,,jr,1
1844,,july,1
939,,jump,1
1196,,jump,1
1218,,june,1
2206,,june,1
2013,,june,1
1588,,june,1
1673,,june,1
1594,,kahuna,1
1204,,kaiserschlacht,1
3286,,kalaura,1
2678,,kanaloa,1
3003,,karamo,1
5079,,karamo,1
1,,kennedy,1
319,,khet,1
3231,,kickstart,1
3549,,kickstarter,1
3094,,kickstarter,1
1615,,kickstarter,1
1496,,kickstarter,1
1219,,killed,1
3438,,kilometers,1
2790,,kilometers,1
3116,,kilometers,1
4727,,kilometers,1
4318,,kilometers,1
4589,,kilometers,1
986,,kilometers,1
1324,,kilometers,1
2642,,kilometers,1
1662,,kilometers,1
1988,,kilometers,1
4899,,kind,1
5048,,kind,1
2097,,kippit,1
4732,,kismet,1
3924,,klein,1
2009,,klickado,1
3409,,km,1
3702,,km,1
2808,,km,1
2788,,km,1
2124,,km,1
2655,,km,1
1949,,km,1
1206,,kmhex,1
1259,,kmhex,1
384,,kmhex,1
2140,,kmhex,1
1977,,kmhex,1
1935,,kmhex,1
2799,,knights,1
4579,,knights,1
1555,,knows,1
2169,,kogworks,1
5272,,krieger,1
663,,kubb,1
328,,kupferkessel,1
2485,,kursk,1
2486,,kursk,1
2488,,kursk,1
2487,,kursk,1
4760,,kuzniagier,1
125,,kvothe,1
424,,labeled,1
3130,,labordage,1
2805,,lagersttten,1
90,,lang,1
110,,lang,1
561,,lang,1
521,,lang,1
526,,lang,1
405,,lang,1
1705,,lang,1
1704,,lang,1
1772,,lang,1
1139,,laropostale,1
4737,,larry,1
314,,late,1
4143,,layer,1
3475,,laying,1
2060,,leaders,1
1714,,leaders,1
3764,,lee,1
3325,,lee,1
769,,lee,1
2269,,letters,1
494,,level,1
139,,linko,1
1629,,literally,1
3404,,liveoakgames,1
1131,,look,1
3845,,lord,1
58,,lose,1
1670,,lose,1
5245,,losers,1
327,,loses,1
2866,,lost,1
1583,,lost,1
155,,lostnot,1
1410,,lots,1
2026,,love,1
280,,lovecraft,1
27,,lovecraft,1
140,,lovecraft,1
2038,,lovecraft,1
2569,,lovecraft,1
2570,,lovecraft,1
2571,,lovecraft,1
48,,lovecrafts,1
2856,,luccacomicsandgames,1
4091,,luccacomicsandgames,1
2545,,luccacomicsandgames,1
3694,,luchacabra,1
3690,,luchacabra,1
1882,,luck,1
3844,,luthor,1
3063,,lyecxizk,1
2804,,mabiweb,1
864,,magblast,1
2684,,maj,1
4627,,make,1
233,,make,1
5049,,makin,1
5047,,makin,1
5046,,makin,1
5045,,makin,1
4254,,manual,1
194,,manual,1
2281,,manual,1
3730,,manufacturer,1
2934,,manufacturer,1
2725,,manufacturer,1
2734,,manufacturer,1
3179,,manufacturer,1
4916,,manufacturer,1
4865,,manufacturer,1
4878,,manufacturer,1
5010,,manufacturer,1
4690,,manufacturer,1
4812,,manufacturer,1
4833,,manufacturer,1
5214,,manufacturer,1
5313,,manufacturer,1
5027,,manufacturer,1
5167,,manufacturer,1
4238,,manufacturer,1
4281,,manufacturer,1
4073,,manufacturer,1
4342,,manufacturer,1
4360,,manufacturer,1
4431,,manufacturer,1
947,,manufacturer,1
25,,manufacturer,1
2379,,manufacturer,1
1385,,manufacturer,1
3849,,map,1
3881,,map,1
3704,,map,1
2848,,map,1
2933,,map,1
2932,,map,1
2778,,map,1
3062,,map,1
3079,,map,1
3019,,map,1
4219,,map,1
4414,,map,1
780,,map,1
1208,,map,1
1320,,map,1
1156,,map,1
602,,map,1
2310,,map,1
2536,,map,1
2647,,map,1
2352,,map,1
1938,,map,1
1950,,map,1
1748,,map,1
1330,,mapmakers,1
3433,,maps,1
3870,,maps,1
3963,,maps,1
2912,,maps,1
3240,,maps,1
4709,,maps,1
898,,maps,1
991,,maps,1
1261,,maps,1
1058,,maps,1
1155,,maps,1
614,,maps,1
2309,,maps,1
2031,,maps,1
2142,,maps,1
1377,,maps,1
1979,,maps,1
1943,,maps,1
2745,,mapsheet,1
3326,,mapsheet,1
3291,,mapsheet,1
726,,mapsheet,1
2225,,mapsheet,1
2271,,mapsheet,1
2656,,mapsheet,1
1080,,mar,1
982,,march,1
1205,,march,1
2150,,marchallach,1
597,,martin,1
4939,,mastermind,1
2817,,mastermoves,1
5289,,matchureka,1
3023,,matters,1
2010,,maybe,1
1982,,mayjune,1
1167,,mayor,1
1446,,mcauliffe,1
2581,,meade,1
721,,mechanica,1
5012,,meeseeks,1
1101,,men,1
1897,,men,1
5221,,meow,1
553,,metallum,1
2937,,metaurus,1
3657,,michael,1
5299,,microbadge,1
5088,,microbadge,1
4296,,microbadge,1
2139,,microbadge,1
1873,,microbadge,1
4234,,microbadges,1
2196,,microbadges,1
2067,,microbadges,1
2477,,microbadges,1
2831,,mihiel,1
3701,,mile,1
2164,,mile,1
3633,,miles,1
3468,,miles,1
3115,,miles,1
4726,,miles,1
4588,,miles,1
1323,,miles,1
2123,,miles,1
2641,,miles,1
2654,,miles,1
1661,,miles,1
1987,,miles,1
2909,,mileshex,1
1258,,mileshex,1
479,,mind,1
2167,,miniatures,1
1725,,miniatures,1
2700,,minutes,1
4786,,minutes,1
1238,,minutes,1
394,,minutes,1
1520,,minutes,1
4009,,missiles,1
962,,mission,1
4361,,missions,1
4520,,mixmath,1
664,,mlkky,1
4034,,mmhm,1
4954,,mmm,1
4708,,money,1
5022,,money,1
4264,,money,1
4113,,money,1
4129,,money,1
556,,money,1
1801,,money,1
1800,,money,1
4960,,monopoly,1
3552,,monsterphase,1
4019,,monsters,1
15,,moon,1
3554,,moonshineempire,1
2154,,morale,1
1148,,morgan,1
3105,,morisi,1
3507,,moteneba,1
2296,,mountedmap,1
4877,,mousellaneous,1
3785,,movement,1
3784,,movement,1
224,,movement,1
304,,movement,1
2291,,movement,1
2059,,movement,1
4630,,movies,1
3415,,mr,1
3982,,mr,1
2731,,mr,1
2729,,mr,1
2728,,mr,1
4972,,mr,1
4721,,mr,1
5239,,mr,1
5195,,mr,1
5062,,mr,1
4237,,mr,1
4492,,mr,1
1244,,mr,1
1243,,mr,1
1041,,mr,1
78,,mr,1
26,,mr,1
128,,mr,1
595,,mr,1
594,,mr,1
2107,,mr,1
150,,mrs,1
482,,mrs,1
2412,,mrs,1
1626,,msrp,1
4518,,muhahahaha,1
2074,,munny,1
4934,,music,1
2984,,mx,1
161,,mykerinos,1
3385,,myshopify,1
380,,mystery,1
491,,mystery,1
4952,,mytpchoice,1
1848,,napoleonic,1
2518,,nash,1
1910,,nato,1
3014,,nazaire,1
400,,nazaire,1
2441,,necromobile,1
5199,,necromonicon,1
3280,,need,1
5074,,need,1
4664,,need,1
1826,,need,1
1432,,nehemiah,1
4749,,net,1
5300,,net,1
4142,,net,1
1189,,net,1
1107,,net,1
4751,,nets,1
1307,,netzwerk,1
93,,nimmt,1
2070,,ninjaburger,1
22,,nixon,1
416,,nl,1
2267,,nl,1
3167,,nlspelpartyanimals,1
4543,,nmbrs,1
3047,,nomic,1
1312,,nookie,1
954,,north,1
311,,noside,1
2705,,note,1
3164,,note,1
4766,,notebooks,1
2557,,notebooks,1
3071,,nov,1
3073,,nov,1
2207,,nov,1
1405,,novdec,1
1676,,novemberdecember,1
1868,,np,1
3294,,nrnberg,1
242,,nufragos,1
4122,,numeri,1
2454,,nwnwn,1
2924,,object,1
2941,,object,1
5001,,object,1
5317,,object,1
5343,,object,1
5284,,object,1
4516,,object,1
4669,,object,1
4369,,object,1
4444,,object,1
1648,,object,1
1928,,object,1
2687,,objective,1
3169,,objective,1
5059,,objective,1
4509,,objective,1
324,,objective,1
568,,objective,1
385,,objective,1
381,,objective,1
2372,,objective,1
1559,,objective,1
1372,,objective,1
1493,,objective,1
1742,,objective,1
803,,objectives,1
4445,,objetive,1
834,,oct,1
1929,,october,1
3372,,oh,1
2860,,oh,1
5114,,oh,1
4323,,oh,1
244,,oh,1
404,,oh,1
2538,,okay,1
368,,okiya,1
4191,,oldest,1
1989,,oneagainstone,1
2818,,onlinebrettspiele,1
107,,onlinebrettspiele,1
4540,,oop,1
1334,,operation,1
343,,opponents,1
474,,order,1
223,,orders,1
512,,orders,1
4566,,org,1
2598,,org,1
3735,,orglessonengindex,1
2929,,orgmykindoftownmykindoftown,1
3693,,orgwebwww,1
3915,,orgwikibattleofthebzura,1
4559,,orgwikickolopoly,1
3400,,orgwikidaihinmin,1
738,,orgwikiradziwiccfamily,1
4315,,ossgames,1
1833,,outburst,1
316,,outcomes,1
4582,,outofprint,1
4562,,outplaygames,1
564,,outremer,1
3625,,overview,1
3376,,overview,1
3500,,overview,1
3820,,overview,1
3123,,overview,1
4854,,overview,1
4745,,overview,1
5066,,overview,1
5058,,overview,1
4309,,overview,1
4300,,overview,1
4560,,overview,1
730,,overview,1
1068,,overview,1
1009,,overview,1
1158,,overview,1
269,,overview,1
567,,overview,1
2021,,overview,1
2111,,overview,1
2534,,overview,1
1598,,overview,1
1443,,overview,1
1863,,overview,1
2922,,package,1
3512,,pagat,1
3511,,pagat,1
1391,,pagat,1
336,,pandora,1
1637,,pandora,1
2286,,panograph,1
5211,,partini,1
2992,,pass,1
5238,,pass,1
4534,,pass,1
692,,pass,1
13,,pass,1
162,,pass,1
3459,,paul,1
559,,paul,1
4980,,pawns,1
4693,,pawns,1
4764,,pawns,1
5020,,pawns,1
5109,,pawns,1
1852,,pawns,1
465,,pdf,1
4403,,pegity,1
2558,,pencils,1
4406,,pente,1
2670,,persians,1
2669,,persians,1
2668,,persians,1
2664,,persians,1
2663,,persians,1
4876,,personalities,1
639,,phpd,1
605,,phpid,1
1042,,pieces,1
2325,,pieces,1
694,,pilot,1
250,,pilots,1
261,,pilots,1
1252,,plaay,1
251,,plane,1
2794,,planet,1
928,,planetbusters,1
3460,,play,1
3922,,play,1
3754,,play,1
3697,,play,1
3817,,play,1
3823,,play,1
3827,,play,1
3765,,play,1
2965,,play,1
2680,,play,1
2837,,play,1
3196,,play,1
3317,,play,1
3306,,play,1
3327,,play,1
3022,,play,1
3016,,play,1
3150,,play,1
3128,,play,1
3118,,play,1
3117,,play,1
4698,,play,1
4837,,play,1
5229,,play,1
5285,,play,1
5159,,play,1
5099,,play,1
4310,,play,1
4044,,play,1
4134,,play,1
4545,,play,1
4615,,play,1
4447,,play,1
745,,play,1
753,,play,1
1195,,play,1
221,,play,1
238,,play,1
263,,play,1
283,,play,1
168,,play,1
596,,play,1
2321,,play,1
2007,,play,1
2040,,play,1
2091,,play,1
2552,,play,1
2523,,play,1
2600,,play,1
2398,,play,1
1580,,play,1
1571,,play,1
1649,,play,1
1603,,play,1
1599,,play,1
1406,,play,1
1368,,play,1
1484,,play,1
1925,,play,1
1799,,play,1
1764,,play,1
2979,,played,1
2978,,played,1
5056,,played,1
1060,,played,1
1051,,played,1
2033,,played,1
3593,,player,1
3452,,player,1
3239,,player,1
4243,,player,1
4084,,player,1
684,,player,1
2036,,player,1
2340,,player,1
3470,,players,1
3905,,players,1
3906,,players,1
3863,,players,1
3970,,players,1
3966,,players,1
3688,,players,1
3825,,players,1
2871,,players,1
2699,,players,1
3224,,players,1
3223,,players,1
3242,,players,1
3182,,players,1
3314,,players,1
3304,,players,1
3008,,players,1
3027,,players,1
3029,,players,1
3097,,players,1
4921,,players,1
5003,,players,1
4953,,players,1
4758,,players,1
4813,,players,1
4774,,players,1
5231,,players,1
5208,,players,1
5314,,players,1
5072,,players,1
5146,,players,1
5142,,players,1
4339,,players,1
4270,,players,1
4139,,players,1
4096,,players,1
4128,,players,1
4573,,players,1
4525,,players,1
4502,,players,1
4494,,players,1
951,,players,1
1125,,players,1
295,,players,1
534,,players,1
379,,players,1
422,,players,1
2037,,players,1
2132,,players,1
2118,,players,1
2574,,players,1
2525,,players,1
2414,,players,1
1344,,players,1
1956,,players,1
1703,,players,1
1947,,playing,1
1017,,playmat,1
2043,,pleasant,1
2180,,plkazaam,1
4761,,plszczegoly,1
4322,,plun,1
2188,,plus,1
480,,points,1
2041,,points,1
2459,,points,1
1624,,points,1
3611,,pokemonfigures,1
2278,,pompey,1
222,,preparation,1
2209,,preparation,1
2392,,preparation,1
1416,,preparation,1
1793,,presentation,1
3684,,prevail,1
3787,,prevail,1
2755,,prevail,1
3338,,prevail,1
4290,,prevail,1
1318,,prevail,1
62,,prevail,1
47,,prevail,1
2078,,prevail,1
1577,,prevails,1
403,,problem,1
472,,problems,1
1369,,production,1
1679,,pse,1
4966,,published,1
2564,,published,1
3560,,publisher,1
3556,,publisher,1
3544,,publisher,1
3652,,publisher,1
3650,,publisher,1
3643,,publisher,1
3637,,publisher,1
3669,,publisher,1
3635,,publisher,1
3617,,publisher,1
3393,,publisher,1
3373,,publisher,1
3370,,publisher,1
3364,,publisher,1
3437,,publisher,1
3901,,publisher,1
3852,,publisher,1
3877,,publisher,1
3988,,publisher,1
4002,,publisher,1
3994,,publisher,1
3944,,publisher,1
3942,,publisher,1
3946,,publisher,1
3960,,publisher,1
3807,,publisher,1
3839,,publisher,1
3837,,publisher,1
3799,,publisher,1
3777,,publisher,1
3773,,publisher,1
3340,,publisher,1
2913,,publisher,1
2846,,publisher,1
2923,,publisher,1
2970,,publisher,1
2998,,publisher,1
2940,,publisher,1
2955,,publisher,1
2950,,publisher,1
2722,,publisher,1
2707,,publisher,1
2704,,publisher,1
2698,,publisher,1
2812,,publisher,1
2802,,publisher,1
2793,,publisher,1
2791,,publisher,1
3005,,publisher,1
3229,,publisher,1
3251,,publisher,1
3250,,publisher,1
3214,,publisher,1
3307,,publisher,1
3301,,publisher,1
3324,,publisher,1
3276,,publisher,1
3266,,publisher,1
3265,,publisher,1
3261,,publisher,1
3068,,publisher,1
3040,,publisher,1
3038,,publisher,1
3030,,publisher,1
3109,,publisher,1
4920,,publisher,1
4915,,publisher,1
4910,,publisher,1
4860,,publisher,1
4866,,publisher,1
4885,,publisher,1
4999,,publisher,1
4946,,publisher,1
4730,,publisher,1
4719,,publisher,1
4688,,publisher,1
4697,,publisher,1
4717,,publisher,1
4711,,publisher,1
4825,,publisher,1
4829,,publisher,1
4770,,publisher,1
5234,,publisher,1
5230,,publisher,1
5252,,publisher,1
5247,,publisher,1
5212,,publisher,1
5205,,publisher,1
5265,,publisher,1
5282,,publisher,1
5274,,publisher,1
5182,,publisher,1
5083,,publisher,1
5081,,publisher,1
5179,,publisher,1
5145,,publisher,1
5170,,publisher,1
5100,,publisher,1
5129,,publisher,1
4236,,publisher,1
4227,,publisher,1
4222,,publisher,1
4212,,publisher,1
4203,,publisher,1
4340,,publisher,1
4330,,publisher,1
4328,,publisher,1
4267,,publisher,1
4266,,publisher,1
4291,,publisher,1
4178,,publisher,1
4051,,publisher,1
4175,,publisher,1
4023,,publisher,1
4149,,publisher,1
4115,,publisher,1
4571,,publisher,1
4552,,publisher,1
4519,,publisher,1
4515,,publisher,1
4551,,publisher,1
4533,,publisher,1
4549,,publisher,1
4638,,publisher,1
4596,,publisher,1
4670,,publisher,1
4667,,publisher,1
4620,,publisher,1
4424,,publisher,1
4416,,publisher,1
4410,,publisher,1
4409,,publisher,1
4362,,publisher,1
4358,,publisher,1
4483,,publisher,1
4482,,publisher,1
4469,,publisher,1
4466,,publisher,1
4461,,publisher,1
4452,,publisher,1
890,,publisher,1
908,,publisher,1
859,,publisher,1
967,,publisher,1
930,,publisher,1
804,,publisher,1
815,,publisher,1
820,,publisher,1
759,,publisher,1
789,,publisher,1
775,,publisher,1
1232,,publisher,1
1231,,publisher,1
1245,,publisher,1
1185,,publisher,1
1191,,publisher,1
1316,,publisher,1
1329,,publisher,1
1273,,publisher,1
1279,,publisher,1
1059,,publisher,1
1048,,publisher,1
1073,,publisher,1
1071,,publisher,1
1039,,publisher,1
1135,,publisher,1
1133,,publisher,1
1095,,publisher,1
241,,publisher,1
176,,publisher,1
193,,publisher,1
307,,publisher,1
292,,publisher,1
289,,publisher,1
63,,publisher,1
28,,publisher,1
143,,publisher,1
151,,publisher,1
86,,publisher,1
582,,publisher,1
539,,publisher,1
600,,publisher,1
618,,publisher,1
406,,publisher,1
337,,publisher,1
361,,publisher,1
492,,publisher,1
459,,publisher,1
432,,publisher,1
452,,publisher,1
2234,,publisher,1
2238,,publisher,1
2265,,publisher,1
2065,,publisher,1
2156,,publisher,1
2094,,publisher,1
2108,,publisher,1
2566,,publisher,1
2555,,publisher,1
2587,,publisher,1
2586,,publisher,1
2524,,publisher,1
2540,,publisher,1
2530,,publisher,1
2649,,publisher,1
2615,,publisher,1
2355,,publisher,1
2373,,publisher,1
2489,,publisher,1
2432,,publisher,1
2443,,publisher,1
1563,,publisher,1
1557,,publisher,1
1581,,publisher,1
1517,,publisher,1
1525,,publisher,1
1535,,publisher,1
1534,,publisher,1
1657,,publisher,1
1656,,publisher,1
1623,,publisher,1
1620,,publisher,1
1400,,publisher,1
1412,,publisher,1
1376,,publisher,1
1421,,publisher,1
1480,,publisher,1
1490,,publisher,1
1429,,publisher,1
1889,,publisher,1
1898,,publisher,1
1915,,publisher,1
1966,,publisher,1
2002,,publisher,1
1964,,publisher,1
1933,,publisher,1
1930,,publisher,1
1955,,publisher,1
1726,,publisher,1
1752,,publisher,1
1687,,publisher,1
1697,,publisher,1
1695,,publisher,1
1798,,publisher,1
1822,,publisher,1
1788,,publisher,1
1779,,publisher,1
3378,,publisherauthor,1
3642,,publisherdesigner,1
4437,,publisherdesigner,1
1922,,publisherpage,1
3986,,publishers,1
655,,publishers,1
3639,,pyrrhus,1
603,,queengames,1
5335,,quickly,1
1805,,quickly,1
2716,,quintmate,1
2713,,quintominoes,1
1908,,qwingo,1
4211,,race,1
1074,,race,1
1541,,race,1
3443,,racko,1
2062,,rally,1
3766,,raphia,1
5057,,ratuki,1
4015,,raumpiraten,1
3295,,raven,1
4958,,react,1
206,,ready,1
1382,,ready,1
1855,,ready,1
3695,,real,1
2261,,realaction,1
1003,,received,1
2430,,recess,1
399,,recommendations,1
2498,,redblack,1
2494,,redblue,1
2491,,redgreen,1
2492,,redred,1
2496,,redyellow,1
2415,,reimplementation,1
3558,,reimplemented,1
3388,,reimplemented,1
3487,,reimplemented,1
3491,,reimplemented,1
3449,,reimplemented,1
3893,,reimplemented,1
3910,,reimplemented,1
3983,,reimplemented,1
3978,,reimplemented,1
3718,,reimplemented,1
3757,,reimplemented,1
3680,,reimplemented,1
3759,,reimplemented,1
3778,,reimplemented,1
2889,,reimplemented,1
2875,,reimplemented,1
2863,,reimplemented,1
2976,,reimplemented,1
2743,,reimplemented,1
2676,,reimplemented,1
2694,,reimplemented,1
2809,,reimplemented,1
3174,,reimplemented,1
3313,,reimplemented,1
3131,,reimplemented,1
3104,,reimplemented,1
4932,,reimplemented,1
4691,,reimplemented,1
4828,,reimplemented,1
4803,,reimplemented,1
5053,,reimplemented,1
4221,,reimplemented,1
4249,,reimplemented,1
4334,,reimplemented,1
4278,,reimplemented,1
4070,,reimplemented,1
4043,,reimplemented,1
4038,,reimplemented,1
4121,,reimplemented,1
4605,,reimplemented,1
4419,,reimplemented,1
4477,,reimplemented,1
2672,,reimplemented,1
888,,reimplemented,1
883,,reimplemented,1
837,,reimplemented,1
857,,reimplemented,1
872,,reimplemented,1
871,,reimplemented,1
865,,reimplemented,1
972,,reimplemented,1
993,,reimplemented,1
749,,reimplemented,1
673,,reimplemented,1
708,,reimplemented,1
699,,reimplemented,1
824,,reimplemented,1
758,,reimplemented,1
786,,reimplemented,1
1200,,reimplemented,1
1306,,reimplemented,1
1075,,reimplemented,1
1070,,reimplemented,1
1069,,reimplemented,1
1025,,reimplemented,1
1087,,reimplemented,1
1092,,reimplemented,1
294,,reimplemented,1
321,,reimplemented,1
293,,reimplemented,1
291,,reimplemented,1
262,,reimplemented,1
122,,reimplemented,1
557,,reimplemented,1
644,,reimplemented,1
651,,reimplemented,1
617,,reimplemented,1
611,,reimplemented,1
357,,reimplemented,1
485,,reimplemented,1
2190,,reimplemented,1
2295,,reimplemented,1
2045,,reimplemented,1
2583,,reimplemented,1
2512,,reimplemented,1
2429,,reimplemented,1
2449,,reimplemented,1
1556,,reimplemented,1
1544,,reimplemented,1
1540,,reimplemented,1
1643,,reimplemented,1
1614,,reimplemented,1
1366,,reimplemented,1
1434,,reimplemented,1
1430,,reimplemented,1
1903,,reimplemented,1
1998,,reimplemented,1
1993,,reimplemented,1
1941,,reimplemented,1
1939,,reimplemented,1
1715,,reimplemented,1
1751,,reimplemented,1
1827,,reimplemented,1
1821,,reimplemented,1
1760,,reimplemented,1
3653,,reimplements,1
3471,,reimplements,1
3442,,reimplements,1
3447,,reimplements,1
3891,,reimplements,1
3890,,reimplements,1
3851,,reimplements,1
3964,,reimplements,1
3686,,reimplements,1
3716,,reimplements,1
3816,,reimplements,1
3840,,reimplements,1
2887,,reimplements,1
2921,,reimplements,1
2859,,reimplements,1
2974,,reimplements,1
2721,,reimplements,1
2720,,reimplements,1
2711,,reimplements,1
2821,,reimplements,1
3233,,reimplements,1
3205,,reimplements,1
3308,,reimplements,1
3090,,reimplements,1
3133,,reimplements,1
4895,,reimplements,1
4926,,reimplements,1
4880,,reimplements,1
5004,,reimplements,1
4941,,reimplements,1
4938,,reimplements,1
4950,,reimplements,1
4965,,reimplements,1
4736,,reimplements,1
4728,,reimplements,1
4695,,reimplements,1
4819,,reimplements,1
4817,,reimplements,1
4806,,reimplements,1
5235,,reimplements,1
5054,,reimplements,1
5150,,reimplements,1
4225,,reimplements,1
4252,,reimplements,1
4306,,reimplements,1
4304,,reimplements,1
4272,,reimplements,1
4263,,reimplements,1
4069,,reimplements,1
4093,,reimplements,1
4095,,reimplements,1
4169,,reimplements,1
4517,,reimplements,1
4546,,reimplements,1
4640,,reimplements,1
4359,,reimplements,1
4474,,reimplements,1
841,,reimplements,1
874,,reimplements,1
863,,reimplements,1
970,,reimplements,1
958,,reimplements,1
944,,reimplements,1
746,,reimplements,1
795,,reimplements,1
823,,reimplements,1
1229,,reimplements,1
1298,,reimplements,1
1271,,reimplements,1
1265,,reimplements,1
1021,,reimplements,1
1159,,reimplements,1
1099,,reimplements,1
1124,,reimplements,1
240,,reimplements,1
329,,reimplements,1
94,,reimplements,1
517,,reimplements,1
643,,reimplements,1
627,,reimplements,1
356,,reimplements,1
486,,reimplements,1
430,,reimplements,1
450,,reimplements,1
447,,reimplements,1
2008,,reimplements,1
2096,,reimplements,1
2549,,reimplements,1
2651,,reimplements,1
2644,,reimplements,1
2391,,reimplements,1
2388,,reimplements,1
2431,,reimplements,1
2445,,reimplements,1
1584,,reimplements,1
1526,,reimplements,1
1641,,reimplements,1
1639,,reimplements,1
1627,,reimplements,1
1592,,reimplements,1
1607,,reimplements,1
1384,,reimplements,1
1379,,reimplements,1
1402,,reimplements,1
1437,,reimplements,1
1450,,reimplements,1
1958,,reimplements,1
1727,,reimplements,1
1723,,reimplements,1
1721,,reimplements,1
1745,,reimplements,1
1832,,reimplements,1
1767,,reimplements,1
1014,,released,1
396,,released,1
4918,,remember,1
1602,,remember,1
4405,,renju,1
2381,,replaybb,1
5161,,republished,1
2297,,requires,1
968,,rerelease,1
34,,resistance,1
1129,,resumen,1
645,,ret,1
1447,,ret,1
4108,,revaler,1
1448,,review,1
1734,,reviewed,1
843,,rex,1
1440,,richard,1
2829,,riga,1
1906,,right,1
1781,,right,1
3794,,ring,1
5166,,ring,0.99327474
210,,risk,1
831,,robert,1
2245,,robert,1
2577,,robert,1
1463,,robert,1
1835,,robert,1
5197,,rockpaperscissors,1
2815,,roley,1
2814,,roley,1
4155,,roll,1
4463,,roll,1
3607,,rollerball,1
3756,,rounds,1
1664,,rounds,1
4402,,row,1
929,,rowling,1
1230,,rr,1
4729,,rrr,1
3520,,rulebook,1
3541,,rulebook,1
3613,,rulebook,1
3627,,rulebook,1
3395,,rulebook,1
3485,,rulebook,1
3501,,rulebook,1
3889,,rulebook,1
3850,,rulebook,1
3875,,rulebook,1
3748,,rulebook,1
2844,,rulebook,1
2994,,rulebook,1
2946,,rulebook,1
2697,,rulebook,1
2835,,rulebook,1
3247,,rulebook,1
3198,,rulebook,1
3020,,rulebook,1
3122,,rulebook,1
3121,,rulebook,1
4984,,rulebook,1
4844,,rulebook,1
4823,,rulebook,1
4824,,rulebook,1
4767,,rulebook,1
4783,,rulebook,1
5250,,rulebook,1
5019,,rulebook,1
5117,,rulebook,1
5135,,rulebook,1
4210,,rulebook,1
4337,,rulebook,1
4366,,rulebook,1
4428,,rulebook,1
4507,,rulebook,1
943,,rulebook,1
807,,rulebook,1
1314,,rulebook,1
1056,,rulebook,1
1018,,rulebook,1
1130,,rulebook,1
1128,,rulebook,1
1112,,rulebook,1
20,,rulebook,1
89,,rulebook,1
528,,rulebook,1
621,,rulebook,1
613,,rulebook,1
339,,rulebook,1
2176,,rulebook,1
2284,,rulebook,1
2282,,rulebook,1
2039,,rulebook,1
2158,,rulebook,1
2104,,rulebook,1
2098,,rulebook,1
1507,,rulebook,1
1638,,rulebook,1
1912,,rulebook,1
1849,,rulebook,1
1861,,rulebook,1
1973,,rulebook,1
3601,,rules,1
3632,,rules,1
3361,,rules,1
3424,,rules,1
3493,,rules,1
3441,,rules,1
3451,,rules,1
3874,,rules,1
3979,,rules,1
3720,,rules,1
3749,,rules,1
3689,,rules,1
2907,,rules,1
3001,,rules,1
2964,,rules,1
2936,,rules,1
2754,,rules,1
2746,,rules,1
2679,,rules,1
2757,,rules,1
2785,,rules,1
3206,,rules,1
3204,,rules,1
3322,,rules,1
3140,,rules,1
4998,,rules,1
5176,,rules,1
4197,,rules,1
4199,,rules,1
4080,,rules,1
4147,,rules,1
4536,,rules,1
4389,,rules,1
4350,,rules,1
860,,rules,1
1000,,rules,1
748,,rules,1
689,,rules,1
704,,rules,1
825,,rules,1
1225,,rules,1
1270,,rules,1
1288,,rules,1
1081,,rules,1
434,,rules,1
1336,,rules,1
2211,,rules,1
2208,,rules,1
2203,,rules,1
2331,,rules,1
2143,,rules,1
2576,,rules,1
2514,,rules,1
2537,,rules,1
2361,,rules,1
1518,,rules,1
1477,,rules,1
1902,,rules,1
1974,,rules,1
1756,,rules,1
1773,,rules,1
1787,,rules,1
2903,,rulesdescription,1
4522,,rulesinstructions,1
3711,,run,1
3142,,run,1
752,,russian,1
5107,,safe,1
1274,,safelyendangered,1
1905,,said,1
3747,,saintefoy,1
2627,,sas,1
4137,,sauerbraten,1
5075,,savantgarde,1
5160,,save,1
4797,,sayings,1
2868,,scale,1
2740,,scale,1
2775,,scale,1
2786,,scale,1
5032,,scale,1
1543,,scale,1
4005,,scenarios,1
3722,,scenarios,1
3740,,scenarios,1
3824,,scenarios,1
2969,,scenarios,1
2706,,scenarios,1
2776,,scenarios,1
4490,,scenarios,1
886,,scenarios,1
961,,scenarios,1
712,,scenarios,1
1201,,scenarios,1
1136,,scenarios,1
310,,scenarios,1
149,,scenarios,1
498,,scenarios,1
2528,,scenarios,1
2420,,scenarios,1
1652,,scenarios,1
1441,,scenarios,1
1944,,scenarios,1
4743,,scenes,1
5070,,schmidt,1
3729,,schnelleralskurz,1
3369,,scho,1
3368,,scho,1
2467,,schoonover,1
2748,,schwarzesgold,1
4963,,scoobydoohauntedhouse,1
4496,,score,1
4168,,scoreboards,1
1123,,scorepad,1
5044,,scoring,1
2400,,scoring,1
4465,,scrabble,1
3769,,screens,1
4531,,sebastian,1
4530,,sebastian,1
525,,seehausen,1
4133,,segments,1
1110,,selene,1
3610,,semisphere,1
2601,,september,1
35,,sequel,1
1353,,sequel,1
1104,,series,1
3186,,set,1
1984,,set,1
5328,,sets,1
619,,settlers,1
4913,,setup,1
4190,,setup,1
4101,,setup,1
966,,setup,1
731,,setup,1
683,,setup,1
537,,setup,1
1946,,setup,1
5121,,sevinpold,1
1472,,sexta,1
1866,,sfrinc,1
535,,shall,1
2519,,shapley,1
866,,shh,1
202,,shields,1
2520,,shubik,1
2288,,sideddie,1
3379,,similar,1
3490,,similar,1
3864,,similar,1
4004,,similar,1
2861,,similar,1
3002,,similar,1
3191,,similar,1
3046,,similar,1
4724,,similar,1
5237,,similar,1
5260,,similar,1
5273,,similar,1
5090,,similar,1
5078,,similar,1
5024,,similar,1
4401,,similar,1
198,,similar,1
285,,similar,1
436,,similar,1
2323,,similar,1
2075,,similar,1
2101,,similar,1
2004,,similar,1
1487,,similar,1
1462,,similar,1
2427,,simonsen,1
3430,,simple,1
3049,,simple,1
5008,,simple,1
5267,,simple,1
5155,,simple,1
514,,simple,1
1471,,simple,1
1459,,situation,1
1694,,situation,1
1754,,situation,1
5203,,sjgames,1
5291,,sjgames,1
3333,,skills,1
2054,,skills,1
344,,smartphone,1
2405,,smith,1
1862,,smith,1
1511,,soccertacticsworld,1
1783,,solo,1
3355,,soloable,1
2034,,somosierra,1
2090,,sonhando,1
4346,,soooooooeeeee,1
4700,,sort,1
1485,,soult,1
1655,,southamerica,1
2610,,soviets,1
2782,,sp,1
1708,,sp,1
146,,spacecorp,1
5202,,spanc,1
686,,spanish,1
3055,,spielbox,1
744,,spielbox,1
272,,spielbox,1
1442,,spielbox,1
584,,spielboxonline,1
2418,,spieleidee,1
4581,,spinner,1
4353,,spinner,1
950,,splotch,1
245,,spock,1
167,,spock,1
2228,,spors,1
2227,,spors,1
446,,spring,1
290,,springsummer,1
3056,,springtime,1
2080,,srbird,1
2851,,st,1
2830,,st,1
1501,,st,1
5261,,stackem,1
1653,,stand,1
4231,,starfort,1
1326,,stars,1
3860,,start,1
4628,,start,1
4438,,start,1
2516,,start,1
4384,,startzpoleposition,1
2220,,steffenspiele,1
696,,steiger,1
3591,,step,1
3590,,step,1
3954,,step,1
3953,,step,1
3952,,step,1
3951,,step,1
3950,,step,1
5217,,stocks,1
2200,,stone,1
2199,,stone,1
2198,,stone,1
2197,,stone,1
1562,,stone,1
836,,stop,1
2,,stop,1
2117,,stop,1
1972,,stop,1
3801,,story,1
2972,,story,1
2753,,story,1
3258,,story,1
3305,,story,1
3100,,story,1
833,,story,1
818,,story,1
1015,,story,1
213,,story,1
200,,story,1
546,,story,1
358,,story,1
2293,,story,1
2105,,story,1
2595,,story,1
1521,,story,1
1482,,story,1
1424,,story,1
1918,,story,1
1870,,story,1
1809,,story,1
4703,,stratagem,1
996,,stratego,1
1707,,strength,1
1768,,strife,1
1249,,stuff,1
576,,stuff,1
3855,,stupid,1
3854,,stupid,1
3543,,subtitleeastern,1
674,,succeed,1
766,,succeed,1
1063,,succeed,1
181,,succeed,1
51,,succeed,1
135,,successful,1
4821,,summary,1
4432,,summary,1
881,,summary,1
208,,summary,1
1481,,summary,1
1990,,summary,1
797,,summer,1
1876,,superpowernosissies,1
609,,sure,1
4468,,survive,1
905,,survive,1
216,,survive,1
4154,,suspect,1
2312,,suspects,1
4470,,svintus,1
4748,,sword,1
4750,,swords,1
4253,,sympathie,1
4475,,taboo,1
1761,,tacara,1
1461,,tacitus,1
2870,,takes,1
1797,,tannenberg,1
2005,,tantrix,1
3565,,tatata,1
4687,,taxis,1
1476,,tcs,1
3058,,terakh,1
3540,,teruel,1
2874,,thats,1
2925,,thats,1
3318,,thats,1
1064,,thats,1
1145,,thats,1
2028,,thats,1
1409,,thats,1
1846,,thats,1
1924,,thats,1
1733,,thats,1
2666,,thebans,1
1236,,thecompleatstrategist,1
3521,,thegamecrafter,1
3742,,theme,1
4911,,theme,1
4986,,theme,1
5331,,theme,1
4298,,theme,1
4344,,theme,1
4675,,theme,1
4448,,theme,1
727,,theme,1
1157,,theme,1
230,,theme,1
236,,theme,1
179,,theme,1
207,,theme,1
144,,theme,1
2634,,theme,1
1444,,theme,1
4325,,thing,1
3315,,things,1
941,,things,1
761,,things,1
174,,think,1
2371,,think,1
4398,,thomas,1
716,,thomas,1
411,,thunderstone,1
364,,tiles,1
2915,,time,1
2798,,time,1
2797,,time,1
4841,,time,1
5050,,time,1
4648,,time,1
4647,,time,1
868,,time,1
722,,time,1
1072,,time,1
1006,,time,1
1037,,time,1
1146,,time,1
668,,time,1
5,,time,1
578,,time,1
448,,time,1
2076,,time,1
2110,,time,1
2121,,time,1
1596,,time,1
1350,,time,1
1865,,time,1
1926,,time,1
1731,,time,1
1738,,time,1
1830,,time,1
4663,,timer,1
3215,,titanomachy,1
3902,,tobynstein,1
3734,,tochki,1
3183,,tohuwabohu,1
5154,,tokens,1
5139,,tokens,1
5134,,tokens,1
4365,,tokens,1
854,,tokens,1
622,,tokens,1
1119,,tolkien,1
2810,,tooor,1
2417,,total,1
3583,,totallyinsanecardgame,1
1035,,towns,1
3892,,tracer,1
2444,,trairie,1
102,,transfer,1
2944,,translation,1
3168,,translation,1
3112,,translation,1
4701,,translation,1
5240,,translation,1
4257,,translation,1
2643,,translation,1
1647,,translation,1
1346,,translation,1
1716,,trdeln,1
1967,,treasures,1
4136,,trick,1
1634,,troops,1
1508,,trouble,1
1121,,truetolife,1
3106,,trust,1
489,,trust,1
2253,,trust,1
2436,,trust,1
1619,,try,1
4165,,tunebaya,1
3990,,turn,1
2811,,turn,1
2801,,turn,1
4808,,turn,1
5244,,turn,1
5264,,turn,1
5312,,turn,1
845,,turn,1
178,,turn,1
111,,turn,1
462,,turn,1
2508,,turn,1
1957,,turn,1
1729,,turnier,1
3795,,turns,1
3319,,turns,1
3052,,turns,1
1239,,turns,1
186,,turns,1
426,,turns,1
2077,,turns,1
2116,,turns,1
5116,,tv,1
5190,,twilightcreationsinc,1
1741,,twisted,1
235,,twoseaters,1
2233,,txt,1
1864,,uavs,1
330,,ubongo,1
508,,ugungu,1
3213,,uno,1
3841,,upwords,1
4956,,usaopoly,1
5255,,usaopoly,1
1389,,usaopoly,1
4491,,used,1
391,,usedition,1
259,,va,1
3194,,veracruz,1
1202,,verdun,1
4781,,versions,1
4564,,versions,1
461,,versions,1
2134,,viii,1
733,,viktorygame,1
1034,,villages,1
3296,,voiceofthemummy,1
2738,,vol,1
2780,,vol,1
3238,,vol,1
2056,,vol,1
2151,,vol,1
1706,,vol,1
2369,,volksgrenadiers,1
1696,,voltron,1
4580,,vp,1
3161,,vs,1
641,,vs,1
781,,wait,1
1516,,wait,1
3053,,waiting,1
3155,,walloons,1
73,,walton,1
3969,,want,1
3834,,want,1
191,,want,1
1675,,want,1
5013,,wants,1
1227,,wants,1
1613,,wants,1
902,,war,1
542,,war,1
4193,,warage,1
3445,,warangel,1
4120,,warangel,1
1178,,warangel,1
2319,,watch,1
1371,,watch,1
1750,,watch,1
3412,,water,1
3051,,watson,1
889,,watson,1
3120,,wavre,1
4125,,way,1
1378,,way,1
3956,,website,1
3709,,website,1
5200,,website,1
4245,,website,1
4201,,website,1
4152,,website,1
4556,,website,1
4542,,website,1
4372,,website,1
979,,website,1
1226,,website,1
545,,website,1
2174,,website,1
2205,,website,1
2148,,website,1
2532,,website,1
2618,,website,1
2380,,website,1
1548,,website,1
1367,,website,1
1874,,website,1
1084,,webster,1
2910,,weeksturn,1
3478,,weico,1
9,,welcome,1
40,,welcome,1
160,,welcome,1
1337,,welcome,1
2561,,welcome,1
1782,,welcome,1
3439,,whats,1
1013,,whats,1
484,,whats,1
463,,whatsyourgame,1
1289,,wherewolf,1
3586,,wikia,1
3399,,wikipedia,1
3914,,wikipedia,1
3913,,wikipedia,1
2850,,wikipedia,1
4014,,wikipedia,1
4558,,wikipedia,1
737,,wikipedia,1
1097,,wikipedia,1
2597,,wikipedia,1
1879,,wikipedia,1
256,,william,1
3907,,win,1
3923,,win,1
3835,,win,1
3021,,win,1
682,,win,1
1254,,win,1
2470,,win,1
1669,,win,1
1959,,winkeladvokat,1
977,,winner,1
455,,winner,1
2406,,winner,1
1823,,winner,1
3838,,wins,1
4498,,wins,1
284,,wins,1
1590,,wins,1
1803,,wins,1
1765,,wins,1
3357,,winter,1
3006,,wisdom,1
1173,,witch,1
4929,,wits,1
1115,,wizards,1
70,,wizards,1
2326,,wizkids,1
2629,,wizkids,1
2179,,wolffang,1
4259,,won,1
1398,,wont,1
4039,,word,1
2240,,word,1
907,,work,1
4392,,works,1
4714,,world,1
4619,,world,1
2100,,world,1
1621,,world,1
1713,,world,1
3659,,worldsforge,1
2119,,worse,1
1753,,worse,1
1730,,wrasslin,1
1117,,wrfelland,1
5226,,written,1
3416,,wrong,1
2855,,www,1
2981,,www,1
5183,,www,1
4090,,www,1
1235,,www,1
1187,,www,1
2544,,www,1
1510,,www,1
1878,,xian,1
1709,,xx,1
1358,,yahyel,1
2044,,yang,1
2741,,yardsinch,1
3894,,year,1
3853,,year,1
3776,,year,1
3310,,year,1
5269,,year,1
4288,,year,1
4021,,year,1
4159,,year,1
4539,,year,1
995,,year,1
926,,year,1
1211,,year,1
1253,,year,1
1264,,year,1
1026,,year,1
1144,,year,1
184,,year,1
203,,year,1
297,,year,1
141,,year,1
134,,year,1
85,,year,1
156,,year,1
115,,year,1
451,,year,1
2079,,year,1
2011,,year,1
2138,,year,1
2657,,year,1
2395,,year,1
2387,,year,1
1551,,year,1
1546,,year,1
1528,,year,1
1650,,year,1
1671,,year,1
1887,,year,1
1934,,year,1
3084,,years,1
1630,,yeesh,1
1408,,yep,1
3337,,yes,1
4333,,yes,1
1578,,yes,1
2172,,youtube,1
1109,,zaboly,1
506,,zama,1
936,,zball,1
3779,,zeitreise,1
1431,,zoch,1
3427,,zogen,1
4332,,zoinks,1
1100,,zombiaki,1